"0 ~ 1, 1 ~ 0, grouppatterns,groups, ex,sparse"
am53bk
switcher
161wh
27028
bookshelf
breadmaker
yeast
verticalintheear
mdrj10
hands
convectionoventoasterbroiler
tob165wh
fdb130wh
kua17
20wlbk
20wlwh
semiautomatic
xplod
pm1327bk
efsatb
efsats
dxc390b
dtc975bk
r1214ss
5hour
gsd4000wh
bisque
mmv4205bt
mmv5207bk
nnc994ss
du1100ss
dtt420wh
cch1b
dc50w
5pack
lmaf120lu5
dvm63hd
ddw1805wh
designer
accessorykit
opturaelura
mm4000net1
nnh965wh
du1055bk
du1055ss
nnh965bk
g303gr
cdmr80d
dvdsacdcd
400disc
recordable
cl41cl
pg40bk
command
platinum
tv24734
silverblue
ystfsw100bk
426001
496915
662248904115
emerald
711719706205
711719702702
redblue
wfw8300swh
widepath
u5140
tempo
bagged
711719707608
whp1000wh
cgrs006a1b
cgas007a1b
cooltouch
df100
blackstainless
dsch2
023272329396
dcm290
jfs516na
tv24746
mf110b
01010815
0101072306
01010723
01010747
rezo15bk
edit100bk
pld4375ss
wed6400sbk
wtw6400swh
boseie
743840830153
743840830009
sl2wireless
h1000
rechargable
slingshot200aw
antique
0101072303
ps3cvfo10
ps3hdmi2m
wm2688hnbl
tromm
wm2688hnm
wdp3n
wdp3bl
rfext
1780001
scph98046
711719804604
modulation
pld4555ss
dlg0452wh
wm0642hwh
oxygen
3870001
lrbp1031
lrbp1031wh
lrbp1031tt
nxu10sil
canceling
mdrnc22
wm3431w
wm3431wh
wm3431tt
wm3431hs
3758301
wfw9200swh
av23292
liionpsbls1
im600usb
nnsd377ss
nnsn667bk
nnsn667wh
nnsd667ss
dlg2526wh
wm2016cwh
580exii
receiverav
dvdcdmp3
tr72bx
srsa212bk
keyed
clipon
nnsd767ss
r1211wh
aishhphone
dle2516wh
dle3733wh
dle3733w
dle5955g
dle5955w
dle5955wh
lsc21943ss
wm2233w
wm2233wh
wm2455g
wm2455hg
med5900twh
xmh10a
nnsd797ss
el1000b
pronto
dvdirect
400usb
800firewire
xspace
ysp4000bk
711719851004
ds40r
ls48ivwh
mb225lla
gsd2400wh
xpressez
xpressr
xmrvrfm002
abs60bk
sdv02gu1a
slimline
grand
quartz
eos40dbody
locationfree
eos40d28135
chs4001
gld4355rfb
gld4355bk
gld4355wh
ystfsw150bk
mx700c
printserver
sp5tk1
d300body
highcapacity
adaptorportable
tmrbt10
tk903ss
unrealps3
networked
dlex7177rd
dlex7177rm
dlex8377nm
dlex8377blue
dlex7177wm
dlex7177wh
dlex8377wh
dlex8377wm
rwmp3aac
961464
wm3988wh
wm3988hwa
tv24775
ptax200
967562
mb276lla
ih9br
0101072302
0101082301
0101090800
12volt
dvdaudio
el6985b
nickelmetal
cli8g
cli8r
cli8b
4quart
sa750pu
vpower
fs100s
3730001
rxv363bk
nsaw390bk
nsaw190bk
rxv663bk
rxv863bk
yht390bk
superdrive
proline
dscs750
d60outfit
mx850c
sd1100is
sd1100isb
a590is
aicminiip3s
minitomini
xsireb1855
9n00101
9s00006
9inch
ipm202bl
coolpixs550cb
coolpixs550gb
coolpixs550p
coolpixs210p
hsolomdnt
dvpfx820li
doubledin
evolt420
1442mm
evolte420kit
1752001
wtw6700twh
harmony1
sa745pu
dvpns700hb
dvpnc800hb
sd790is
sd890is
txsr506b
743840830535
dmctz5s
dmctz5k
f8n065blk
groovepm20bk
mdb7851bk
jetclean
barbecue
playertransport
echo50
davhdx279w
csia4bk
csia4ch
csia6bk
rm705bk
psw110bk
2200ma
htx810
mdrex55wh
mdrex55bk
mdrex55p
u5269
icfc1ipmk2wht
multipack
pg40tbk
dehp700bt
lre30453ss
ldc22720ss
ldc22720st
sseries
1ee005202
1eg005200
lseries
1eg005201
txsr606b
lre30757bk
lre30757ss
lre30453wh
lre30453bk
lfc23760st
lfc23760ss
lfc25770wh
lfc25770sw
lfc25770sb
lfc25770bk
lfc25770st
lfc25770ss
lfc25770tt
audio920
lfx25971sw
lfx25971wh
lfx25971sb
lfx25971bk
lfx25971st
lfx25971ss
scdc382
lrg30357wh
lrg30357bk
lrg30357ss
lmv1680wh
lmv1680bk
lmv1680ss
lmvm2085wh
lmvm2085bk
lmvm2085ss
g303dark
st660p
586002
lds4821wh
lds4821ww
lds4821bk
lds4821bb
ldf6920wh
ldf6920ww
ldf6920ss
ldf6920bk
lmx25981ss
lmx25981st
9uea01700
coolpixp80
multichannel
htbd2txaa
ddw497wh
kp36ip
msa2gu2
ecnv30zbba
round
inwall
9517a002
burgundy
mdrex32lpblk
mdrex32lpwhi
mdrex85lpblk
mdras50g
pedals
autoscan
d700body
ih70s
minidvdr
3dmr30r1h
ip99br
ts8gsdhc6s5w
xsreb1855b
select2
dmcfz28k
client
ddock
ysp3050bk
coolpixp6000bk
coolpixs710bk
coolpixs610bk
tr653zma
tr654zma
coolpixs60pnk
cdamfm
hardshell
fe360pnk
fe370s
singlecolumn
vf2012
dsct500b
sx110is
sx110isb
a1000isg
stylus1050swb
d90outfit
d90body
yas71bk
defintion
tsmr1640fm
eos50dbody
50d28135
davis50b
jawbone2s
theaterwide
sx10is
sd990isb
sd990is
cobaltblack
ndsusgbmkb
ndsusgskb
ndsusgsvb
ndsusgszpb
blackberry
ndsusgsrmkb
crimsonblack
cli221blk
cli221gry
cli221yel
yps3jab
931633
dmcfs3s
sd880is
sp565uz
sd1100isp
dmcfs3a
eos5dmarkiibody
casemate
dle0442wh
closeup
hidefinition
9320a010
3505b001
silhouette
16port
etherfast4116
workgroup
etherfast10100
8port
robotic
74249
dla4010717
htx710t
bddvd
skullcandy
sc1ab
967685
ss550pbk
xsireb1855s
xha1s
matte
hd15m
tmobile
cellular
vubm46
singlesided
pdvk10
ulptlbk
mbs73v
fs105na
jfs516
gs105
docsis
ethernetwork
express
cases
9701180403
dsl190b
wg102na
wpn802
fs726tpna
97067
97076
nickel
headsets
canvas
mdrj10blue
h.ear
wallb
wallw
efsatsiii
pm1327
efsatbkiii
wallceiling
beltdrive
aaaaa
200899
1785mm
fontopia
mdrex81lpb
0622b002
0617b002
0620b002
0621b002
0623b002
0615b002
0628b002
fs116pna
jgs524fna
0624b002
0625b002
0618b002
0616b002
0619b002
osiris
nnh965bf
1250watt
cubicfoot
nnh965wf
fullsize
dppfp50
xmh10
vcddvd
readerwriter
cb2lw
psc75
backpack
24734
trudigital
30100
basic
21725
pmcii
plav70
unlps
dualarm
mf110b1
bread
psc55
r1214
cgas007a
nnc994s
usgskb
9614640403
010es20a
interfacecontroller
datafax
23292
dtt420
laptops
lrbp1031w
writer
ddw1805w
convectionbroilertoaster
makers
el6985a
multifunctional
therm
pg40bktwin
u5269900
9662300403
9676850403
enel3e
55200mmlens
9582a008
dle0442w
9cycle
cartridges
stellarg303g
3shelf
largecomponent
202034
cb2lx
3245001
3219701
83000
83015
127961
inearheadphones
helmet
0626b002
0627b002
toslink
cupfuzzy
cooker5
srtmb10rice
98046
129sq
tc60iw
largexlarge
25353
01010823
sc1ab1
ep100
256mb
141927
extending
093744
hseries
smoker
flushmounted
shroud
prohispd
rpsdv02gu1a
koskin
tmrbt10tmrbt10a
ts8gsdhc6
260236
mdrnc22blk
141910
nnsd377s
gs724tp100nas
nnsd667s
nnsn667b
nnsn667w
4900dvd
avicd3
niko215930348
rfx250
nomem
25752
niko216687518
company
u5140900
homecare
electro
roomba
robot
scooba
580ex
im600
1735b002aa
0615b013
nxu10sl
nxu10
adpator
ipodvideo
customcube
sidebyside
counterdepth
spillprotector
spaceplus
srsa212blk
expressez
hphone
dei14230
mount12volt
26991
9316330403
123870
2184b002
2186b002
2168b002
canonscan
1901b004
1901b017
24775
7cycle
tiv652160
crimson
usgsrmkb
mdrex81lp
mb226lla
1006602
msa2gd
barrierfree
1007596
minihdmi
powershota650
dtype
lcjthcb
lcscsq
ss550p
83053
am4415a
am4412a
am6615a
25432
ysp4000bl
ystfsw150
ystfsw150bl
ystfsw100bl
ystfsw100
915000044
89149
wirelessnusb
intensity
8500x50red
esclusivo
steam
usgsbmkb
cobalt
915000035
2680b001
2708b001
2691b001
2573b001
2686b001
2685b001
fs100
2699b001
dect2000
tr72b
sivler
analogdigital
lcddvd
watsc
26110
26108
26103
26109
2435b002
2462b001
2508b001
melody
2509b001
2512b001
rhythm
2436b002
7859201
psw110
rm705
ulptl
denos3289349
dsct300b
dsct300
dslra200
dslra300
10001
nsaw190
ecnv30zsba
25438
dsch10
dsc750
navigationdvd
dxc390
wvlsc
262081
zuiko
evolt
sdrh60s
2554b001
sd790
sd890
2566b001
htz410
2757b003
rxv663bl
rxv663
.017.00
rxv863
rxv863bl
.052.02
vf2012b1
walmt
pn42a450
1000001
htz515xaa
abs60
neckband
as50g
slver
ex32lpblk
ex55whi
ex55pnk
ex32lpwhi
ex55blk
rxv363
carousel
dcm290p
ln46a750r1fxza
.052.00
26114
txsr506
dsch50
scd382
htx810t
2757b001
hsolomndt
yht390bl
usgszpb
singleline
scbt100pk
davhdx279wc
dvpfx820l
dispensing
selfclean
sublimation
mmv4205baq
24746
us091010
txsr606
fdb130rgs
htx710
400watt
ysp3050bl
ysp3050
ip99br8
z550nb
z570nb
z591ub
gld4355rf
frigidarie
wfw8300sw
du1055xtss
horiz
wtw6700tw
loader
metallicwhite
2762b003
hts5100
kdl40z4100
kdl46z4100
mbs73
digtal
25444
226540
fe360
fe370
226420
1100w
htbd2t
du1055xtsb
pedistal
pn63a650t
0040107
1009207000002
sysytem
.052.01
diffsn
freezeproof
226455
shockproof
hightspeed
sp565
sensorshift
226480
sequential
2918b002
26132
exposure
pictmotion
26125
midnight
priority
hires
p6000
26135
26127
2976b001
mp240
32av502
wchannel
wbluetooth
cgrs006a
davis50
ih70src
syncingcharging
ip47br
el1000a
ypss3jab
mltimdia
091004
yas71bl
2666b001
3210b001
2946b001
2950b001
2949b001
25448
25446
2909b002
2921b002
2922b002
aw110jh
3085b001aa
2704b001aa
2694b001
kdl19m4000
estar
cs110er
txsr706
ns190js
2665b001
sd880
3197b001
2669b001
2663b001
dualled
002g6q3
smartphone
3191b001
dmcfz28
2807b006
2807b005
200001
buildin
128gb
89082j
visor
84442vrp
cs180jq
cs180jp
icfc1ipmk2whi
fipodperpcharges
ih9b6r
xross
800hz
upscaler
hometheater
cutoff
chs40001
psc4000
4pack
minohd
2764b003
9320a009
xsixs
txsr876
txnr906
am1195a
cooler
ddw497w
twoline
7inch
nntk903s
lv140j
simpletech
3505b001aa
assistant
mdb7851awb
du1100xtps
3238b001
fw378jb
greyorange
retailint
packint
pslx350h
sbv40s
cdpce375
tu1500rd
pasta
cutter
roller
sdyd250
kxtsc14w
kxts108w
kxts208w
cdpcx355
cdpcx455
kxtca86
kxtca92
kettle
dp29f
cdx565mxrf
10disc
cdmp3
toner
kxfa83
rcdw500c
wms3b
wms3s
foundations
kxts3282b
0101023101
6disc
kdcc669
coffeemaker
medb05lx
gsd4000nww
strde197
scdce595
cch1p
dc50b
tvlcds
fex831wh
b90su
svmf40p
9763a001
mx350
aeros
f5c400300w
841001
vm400s
vm400b
feq1442wh
mosquito
defender
848001
griddler
sb600
lcscst
gexp920xm
vmpr1b
rs140
kcaip500
dvpcx995v
vmpl3b
3dmr30l1h
vgpamc3
cli8c
cli8m
cli8pc
cli8pm
cli8y
f3u13316
cdvc1
vgpamc2
fs726tp
millennium
0101060900
streetpilot
0101061300
msacm2
fs116p
feq332wh
18200mm
rs120
sennheisser
dcc2000
vmcc1b
vmpl50b
wpn802na
rangemax
vctr100
vmavb
kxfp145
ag0100
kingdom
hearts
tcd649080
series2
dualshock
711719706700
mastercontrol
blc1a
tsmr1640
ma034za
ef4124
rmvl600
kxflb801
whp1000sq
wed8300swh
25334
blender
ksb560er
5speed
kxts3282w
kxtga670b
waring
dp300f
cnp2000
kxfg2451
lcscsh
furniture
trilogy
cnp2000h
dcm390
dvd2930ci
sp4tk1
202066
vmuc1s
dvm12cld
futura
indoor
ml22b1
li42b
202087
mt25b1
vctr640
0101070400
abs32
swp48
0101081500
0101074703
0101070200
25mcx
pld4375rfc
0101082300
wed6400sb
mrf350
srna18
fuzzy
wtw6400sw
inear
kxtg4500b
kxtga450b
chargelink
wrv54g
svmf120p
pgi5bk
1169b001
slingshot
abs48
st4tk1
optic
hdmi2m
allergiene
enel9
3770001
3780001
3880001
f3h98210
kcaip200
kcaip300v
tripplite
powerverter
pv375
375watt
fmda25
relay
pld4555rfc
dlg0452w
wm0642hw
el012a
confetti
lcscsj
lcscsqb
vgpprsz1
3741001
dvpns57pb
wdp3r
rlm20k
ts2gusd
superautomatic
esam3300
magnifica
espressocoffee
bottomfreezer
f3h98225
vgasvga
lcstwar
cdi200
npfh70
npfh100
3841001
79g00007
ep320
kxtg6702b
lcstwab
slvd380p
lcscsl
ms450cs
microshred
kxtg1033s
dvpns57ps
preamplifier
17in1
mrw62es1181
msa1gd
psbls1
1093curv2
elevator
9500i
14240
nnsd967ss
dlg2526w
wm2016cw
1946b002
speedlite
ivaw205
vn4100pc
kxtg1034s
kxtga101s
swp60
64068f
microsaver
htr13
msacus40
cookerwarmer
srtmb10
ve927
mdrq68lw
gs724tp
nnsd767s
ifreeplay
kxts600w
xt100hd
wap4400n
dle2516w
lsc21943st
htr20
med5900tw
tcd652160
xmfm1
nnsd797s
vrdmc5
mb138lla
301199u
cda9887
cdmp3wma
avr4308ci
avr3808ci
dhtfs3
cmkmini
mighty
mb111lla
98510
spmk30
m9321gb
minidvi
43479
rdrvxd655
gsd2400nww
kxtg1032s
kxtsc14b
xmck5p
xmck20p
kxts620b
kxts620w
hesv1000
dect20802
skagen
233xsgg
womens
seiko
sxda04
8800f
lfv30
wrt54gl
mrf260
hdhandycam
vmc15mhd
mx310
george
chestnut
lcjthcw
rmv310
uclxb
cantilever
wishbone
rmez4
gld4355rfs
icblkts
0101072301
mf209b1
kcasr50
translator
mx700
npfd1
wpsm54g
dcf212t
sl2pk1
ts4gsdhc6
bbhcm331a
02107746
bt5010
64327
trackball
orbit
tcr13
twenty20
bundle
unreal
tournament
vmc30mhd
im207
orbitmp3
dcx200
sb97cs
1335b001
roomgroove
cda9886
communicate
ts8gjfv10
quantum
amplified
plav70unlps
kxtg8232b
suph1
910000298
f5u237apls
7port
com2white
com2black
301302u
wg102
ptax200u
mb277lla
gza00006
dehp3000ib
international
0101072300
0101093600
0101097900
cdr55
cdsb10
gexp10hd
supv1
sglb01
kxtga820b
sd4100
ba151
hydride
mf215b1
fullmotion
fs105
cdwmamp3
dehp400ub
deh2000mp
dehp500ub
hdrsr10
hdrsr11
psc400
hdrsr12
hdrhc9
dscw120p
dpfd70
dpfv900
mrpf300
hf100
dc310
dc320
ts4gcf133
scvdoc1
lc52se94u
sp320
wet54g
rxv363bl
dcrhc52
nsaw390wh
dcrsr45
nsaw390bl
nsaw190bl
dcrsr85
hdrux10
mb397ga
kpfp850ob
ts2gcf133
dscw150b
dscw150r
dscw150n
dscw170r
tob195
icable
10020780
10020630
dsch10b
th42px80u
dvd3800bdci
th50px80u
th42pz80u
th46pz80u
th50pz80u
lc32d64u
th42pz85u
th46pz85u
th50pz85u
tc26lx85
tc37lz85
sdp91s
19lv505
sdp71s
sd6100
dr560
dvr610
dvr660
19lv506
ufm100bl
navmat
19av500u
lc37d44u
dr410
srh1000
dvpfx820p
dvpfx820r
dvpfx820w
kxtg4321b
kxtg4323b
kxtg9333t
icdb600
dnx5120
motorokr
22lv505
dvd1080p8
hduoimdnt
scbt100
scpt660
scpt760
scpt960
sdp101s
dvdls86
dvdls83
dmrez48vk
dmrea38vk
dmrez28k
dmrea18k
dwa130
th50pz850u
lc37d64u
davhdx275
dvpns700hs
dvpnc800hs
ln40a550
ln52a550
ln40a650
ln46a650
ln52a650
zl2344mu
portland
zline
ln46a550
pslx300usb
dslra200w
lcsx20
ln19a450
ln26a450
pn50a550
pn58a550
pn50a450
vct60av
f8n044org
f8n044slv
f8n044grn
htz410t
hl56a650
hl61a650
lcsmx100
kxtg4324b
ts4gusdhc6
sleeve
groove
37lg50
42pg20
dvd2500btci
ln22a451
pn42a450p
strdg520
ln22a450
lcsx30
kxtg9341t
kxtg9342t
301304u
ln32a550
ln32a650
davhdx576wf
ln37a550
dvdvr375
dvdvhs
im20aqusee
dslra300k
isonic
wtw6700tu
htct100
adhesive
ln37a450
kdl32xbr6
srsbtm30
bagless
empower
kxtg9344t
kxtg9343t
strdg720
icfc1ipmk2blk
shcls80b02
showcase
ln46a750
ln40a750
wd60735
wd65735
wd65736
th50pz800u
301825u
quadra
cs325
kxtg9361b
msmt1g
msmt2g
msmt4g
msmt8g
msmt16g
4705a018
kxtg9372b
kxtg9332t
ln52a750
dslra350k
mbaclrsee
mbapnksee
dppfp95
kdl19m4000s
kdl26m4000
kdl46s4100
kdl32l4000
kdl46w4100
wseries
kdl52v4100
vseries
kdl52w4100
dsch50b
dscw300
vct80av
strdg820
hl67a750
icfcd73w
icfs79w
32lg30
hts5100b
kdl32m4000
pn50a650
htz510
httz515
52lg50
47lg50
dvdv9800
lc26dv24u
tsp462
ht7200dh
ldf6920st
ldf6920bb
kdl37xbr6
kdl40z4100b
bdp1500
0100071820
kdl46z4100b
kdl42v4100
52lg70
pdp5020fd
pdp6020fd
kxtg9332s
lowpro
swm400bl
32lg40
wd65835
wd73835
rdrvx560
th46pz850u
dcx300
tc32lz800
sf640p
rdrgx360
4052trpseb
hlc15r
rs130
kxtg9348t
9500ci
0101082303
pp730
0100071740
0100071840
htddwg700
dhtfs5
yps2zg
kxth1212b
7737a001
2044b002
55250mm
wrt160n
cdiu230v
kcc100u
plasmacluster
fpp35cx
2565b001
cp760
supertooth
ecl200zbba
kxtga630s
tc60i
strdg920
0716b001
mb13clrseev2
mb13grnseev2
0763b001
1133b001
1135b001
1588b001
cb2lv
9764a001
sdv296
ln19a650
ln22a650
2349b001
2350b001
9612a001
4040rdtrpb
roadtrip
directdeck
7256ddeck
avr1709
avr1609
sbh500
mdred12lpslv
mdred12lpred
f360w
f360b
3016smrtlkb
smarttalk
9632930403
force
driving
icarplay
aipfmch250
dcm202
floppy
706018
pn63a650
ts16gsdhc6s5w
xde500
8227ip2wvb
wrvs4400n
mb13blkseev2
mb13aquseev2
mb13pnkseev2
mb13bluseev2
mb13orgseev2
mb13redseev2
mb15clrseev2
mb15bluseev2
ln46a860
mb15grnseev2
ln52a860
mb15orgseev2
mb15pnkseev2
mb15purseev2
ln55a950
301239u
txsr706b
txsr806b
th58pz850u
avr2809ci
vgnz550nb
vgnz570nb
301829
301278
mb591lla
applecare
vgnz591ub
brenthaven
vgpupr1
txsr876b
txnr906b
sb900
ln46a950
dm37sbk
kdl46xbr6
8223ip2efrmb
kdl52xbr6
iph3gblkts
oregon
atc2000
scientific
ip2600
4046trpautoc
autopilot
tx8255
ks7502thx
inceiling
22lv506
0100057610
0100057600
0100057510
265wt
42lg30
0100071530
a1000
18105mm
0100071520
hdtvdvd
15lv505
tcd658000
mb528lla
mb531lla
mb533lla
mb598lla
mb732lla
mb735lla
mb739lla
mb913lla
mb745lla
mb754lla
mb562lla
mb565lla
mb811lla
yas71
vplhw10
32av502u
vgnaw110jh
vgncs110er
vgncs180jp
vgncs180jq
vgncs180jr
vgncs180jw
vgnns190js
tftv1022
hdchs100k
vwvbg130
aliph
jawbone
42rv535u
52rv535u
clp104bb
bdps550
gs105na
bt2070
2946b004
lt25b1
mb769ga
armband
bdp2500
k64516us
combosaver
9500ix
910000692
910000619
910000153
vgclv140j
vgclv150j
vgcrt150y
3528b001
dvd1800bd
mb467lla
mb470lla
mb471lla
26av502u
bdhp21u
ln52a850
dpfd80
dpfd100
lc52d85u
22av500u
40rv525u
0345b002
tftv1514
bdhp50u
mb352llb
kxtg9391t
6473a003
jgs524f
admscf1
imt702
ipodiphone
iph3gcbcf
clarifi
8245ip2mgnfi
bp808
2740b002
vbgvbb1strkit
kxtg6313s
920000924
vision
960000254
vgcjs130jb
lc42d85u
wga600n
wpc600n
dualn
wrt610n
wusb54gc
wusb600n
monitoring
wvc54gca
dbc2760bls
beverage
ef4116
eg005w
ezxs55w
ezxs88w
irobot
ts8gusdhc6
ts8gcf133
vcldh1774
hybridshell
dma2100
dpf701
acrylic
f460b
bdvis1000
cl211
wstk1
stacking
state
ts128gssd25sm
chops
hh26skc01
cx380
ln46a850
920000383
revolution
vmware
vmfm20bx2
k33442us
rpsdv04gu1k
tfdvd7006
xdrs10hdip
enel10
9410tunbmblb
tunebuds
vgnfw378jb
lrf118b1
f4u001
switchtomac
f8z373
folio
nn4tsblk
tob155
p502025
unlocked
nokia
dht589ba
mb942za
mb943za
family
ts16gjfv10
960000048
lmaf30u3
lasonic
lta260
0100057730
920000264
981000040
z2300
wre54g
tripp
foundation
9675620403
9661930403
nautica
minituner
playerchanger
radarlaser
10cup
mbsec
smartmount
semihard
psc1000
psc85
designs
palmcorder
dmctz5
nsaw390
dmcfs3
lover
dvpns700h
horizon
dvpnc800h
microsdhc
thick
wtext
sd990
retail
ipodphone
