"0 ~ 0.95, 1 ~ 0, grouppatterns,groups, None"
nondistributive
speedingup
nonvector
irstyle
paws2000
conjection
sigmetrics2000
tunable
sqljpart
viator
aquery
gsli
hjaltason
8th
striptease
xsearch
thmis
aerospace
videoanywhere
atopss
tpr
nonordered
ndtree
translating
societies
sister
standardsbased
observation
imagery
ogrape
webservice
osiris
fernuniversitaet
schemadriven
customization
nexusscout
17th
literature
coverage
overlap
effectively
bibfinderstatminer
summer
school
frontiers
dimacs
tcpd
banks
metamodel
nonblocking
sortbased
xquec
pushing
everthing
diagnosis
avoiding
grouping
twobody
san
diego
california
912
fas
freshnesssensitive
sideway
disc
coarsegrained
oracle9i
provisions
obligations
encryption
actual
domainspecific
acquired
brain
surface
ensembles
geometric
gembase
cacheportal
centerhosted
inlining
structurally
toronto
stopss
pregrouping
chameleon
nanotechnologybased
dtddirected
grammars
workload
places
awards
pods
assesment
achitecture
cryptography
letter
webbase
investigaton
hierarchicallyclustered
this
age
infering
efficacious
universe
dependability
combioperator
communications
hamming
starcubing
recoveryoriented
nonrelevant
crm
preparation
ioconscious
electronically
useradaptive
dds
maier
segmented
mosaico
highvolume
almostserial
shedding
rrxf
gangam
automotive
connectivity
profiling
transient
fourthgeneration
sqlmx
10th
btw
informal
sqlx
companies
joining
customes
counts
frequency
falilitate
negation
bisimulation
protdb
expansion
yellow
graffiti
matters
ticks
latencyrecency
addendum
visionary
bhunt
hippocratic
uis
badenwrttemberg
multilingualism
privacy
correspondences
hitters
heavy
cscw98
continuousmedia
actnet
multipledatamodel
clusteredness
measure
side
dark
illuminating
legodb
editorinchief
plaintext
call
responive
tuple
systematic
molap
rakesh
agrawal
configrable
projecting
higher
jeffrey
ullman
direction
winds
again
political
xmark
but
atlas
checks
balances
1618
dallas
texas
may
mars
diabetic
healthcare
biomolecular
slicing
kdms
multidimensionally
memsbased
tabular
expressive
nodeselecting
automatabased
associationrules
discover
wisconsin
madison
mdl
multitiered
cooperating
perceptions
misconceptions
emperiment
step
denodo
acmsigmod
sessions
wiseintegrator
integrator
wiederhold
consultant
gio
simulations
agency
midcareer
colloquium
24th
bulkinserts
und
agent
rtmonitor
appliance
google
clent
techonology
rac
statstream
thousands
regressionbased
workflows
hbpitree
smallfootprint
gnatdb
readers
authors
bandwith
quering
orientstore
cockpit
wise
central
books
er2000
zerodelay
mobilizing
outsourcinga
xpathlearner
markov
champagne
nonlinear
nonintrusive
anipqo
recommender
researchindex
referee
innovations
passenger
upgrade
degradations
hide
multiscale
summarizing
accesses
stonebraker
handsoff
datamine
pier
anthology
xissr
jobs
languagebased
galax
messaging
j2ee
sliding
multijoins
mode
bufering
querydriven
quiet
transducerbased
led
deduplication
alias
installations
navigable
evaluations
dal
piecewise
farewell
obk
accociation
visxcerpt
xcerpt
possibly
topn
uncooperative
quotient
entrans
axis
watch
staircase
teach
viable
thinking
wishful
otherwise
rigorous
sqlserver
administering
scientist
confidential
selinger
pat
webdb
march
1994
abridged
deletions
beaxqrl
turst
sqlcli
serviceglobe
localalignment
rubicon
seeking
vipas
resilient
shooting
stars
21st
selfserv
though
ehemeral
statemachine
combination
coma
parallelising
morphing
fzi
privacyenhanced
grna
programmable
genomicscentric
characteristics
lachesis
devicespecific
shrinkingbased
eservice
exactlyonce
sash
databaseintegrating
xjmlbased
foruthgeneration
eefis
mutliresolution
anywhere
turning
databates
hyperstormadministering
communicationefficient
sangam
tumble
benchmarksan
oticks
1st
bed
test
outsourcing
marketplaces
delta
harder
getting
mexico
regarding
directons
trust
961
systemoriented
themis
would
phd
thing
fever
labs
startup
simon
steven
shaffer
alan
oct
james
healey
jason
chang
wang
marcus
mchugh
jiawei
micheline
han
kamber
poorly
supercomputing
coder
spent
proud
curriculum
counterfactual
fensel
dieter
springerverlag
move
odbase
sing
erratuma
configurable
parallelizing
facilitate
otherwisefor
transformationsrigorous
dali
hashbased
datamineinteractive
productsare
dss
supportimplications
short
sqlclia
nestedtransaction
mosaicoa
architecturesthey
announcementthe
handyman
engineer
gioss
relationaldatabase
vendors
doing
applicationsreport
dept
fiz
systemsbreaking
transientviews
nodosea
multipledata
ephemeral
scientists
rttemberg
badenw
252
uismanagement
tpcdthe
maryland
i3pob
april
1996
hiding
degradation
abstractobject
abstracts
track
diagnosing
decisionmaking
queryresult
paralleljoin
geometrybased
meet
dart
dualbuffering
priority
assignment
accounting
closeness
sprint
snowball
dolap
walks
authorizations
present
formbased
proxy
dbglobe
serviceoriented
patchwork
snapshot
differential
sytems
spatiobitemporal
arlington
fix
fails
movie
calllevel
applicationspecific
featuring
sqlmm
packages
intranets
bellcore
harness
adaptx
spruce
staggered
swarms
sure
modify
guarantee
dublin
city
hashjoin
mergejoin
picodmbs
intrinsic
datacentric
networking
cacheandquery
expiring
assurance
neighborhood
prefer
multiparametric
mappingdriven
ores
lmrp
flows
differences
explaining
workfile
mergesorts
year
crisis
transition
agenda
held
timebased
darpa
society
prefix
removing
permissions
recent
routines
archive
warfare
stepwise
implantation
payperview
walkthrough
various
homogenizing
hodfa
architectural
dictionary
branching
semint
careerenhancing
commit
revisiting
odmg
oql
know
things
every
movearound
boat
catching
birch
timeparameterized
enhancements
petacube
dwarf
tailoring
thinksheet
sparselypopulated
including
speculative
valuecognizant
metasearching
starts
xtree
registries
rosettanet
uddi
pips
opossum
extend
toolbox
impress
ddt
rates
single
reply
currency
america
adept
retinal
iris
finally
directv
these
mutually
exclusive
deferred
find
formats
silkroute
multicast
proactive
constraintlike
characterizations
fifth
highthroughput
webfilter
ogdi
diskresident
accurately
realization
pointer
swizzling
surprising
continually
aditi
feedbackbypass
preliminary
combinatorial
spatialmerge
composition
gridclustering
hagen
transactionprocessing
schematically
generalised
taking
tpcds
datajoiner
late
bound
invertible
rank
resourceintensive
parameters
sensitivity
incinerate
lambdadb
ole
masses
hashjoins
tvtree
cumulative
accessibility
50000
workflowimplementing
inside
media360
permutation
constant
variablebitrate
investment
director
converting
100
monte
carlo
projective
spain
body
asp
cheetah
plugandplay
optimally
placing
ariescsa
better
segmentation
xperanto
bitsliced
arithmetic
bucky
xpress
insertion
coloring
away
serf
restructuring
facility
probe
classify
categorizing
interoperation
mtree
pmg
weights
pathmethod
comprehension
backuprecovery
coordinating
magicsets
outlier
energyperformance
ambiguity
adjustment
filenet
validtime
braking
distributor
dec
confidence
outs
ins
multiagent
relaxing
typesafe
simd
instructions
quasicubes
oklahoma
directories
koda
dare
multimediaminer
nimble
conservation
french
classroom
bulkloading
agflow
crossenterprise
applicationoriented
subquery
winmagic
objectivity
ieee
cycles
decide
unrolling
termination
shore
reach
dwms
serge
abiteboul
buneman
suciu
dan
peter
retina
baskets
correlations
memorycontention
authorx
securing
feasible
hbtree
hbptree
taxonomies
midquery
suboptimal
reoptimization
activities
chicago
noisy
jan
jannink
corba
rangemax
hierarchically
delaunay
stratified
june
usa
glossary
breadthfirst
traversal
bayesian
modifiers
mix
infoharness
telecommunication
edbt
voxelized
ending
starting
company
optics
identify
runtime
partnership
storm
lockx
dewitt
super
reusing
invariants
telcordia
groupwise
aqrtoolkit
objectglobe
valuebased
mentor
enterprisewide
workbench
effectiveness
finance
compressing
right
organizers
committees
sponsors
additional
endowment
uniform
behavioral
tigukat
onion
walrus
teaching
efficiency
databasesystem
outerjoins
disjunctions
readahead
qualitative
birnm
sqllike
third
workinprogress
spaceefficient
quantile
chipsecured
pointcast
cim
personalized
lowell
lowpower
pair
cupid
enumeration
transformationbased
dimensions
hashing
forms
schemata
precisionperformance
offering
tavant
channel
sellside
quorums
sql99
astronomy
multiterabyte
classifying
rare
twophase
induction
haystack
needle
sqlem
mathematical
meaning
metadatabase
dlfm
matchmaking
telecommunications
spatialware
mapinfo
costeffective
highend
mineset
drill
most
specific
multistage
loop
falcon
survives
fittest
catalogs
clocks
loosely
optimistic
synchronized
rondo
costly
executions
computations
mv3rtree
timestamp
happening
datasplash
workflowbased
integrate
pool
adabas
mergepurge
template
intertransactional
boatoptimistic
acid
diluting
safely
references
became
food
apex
richer
homer
dataparallel
udb
mosaicbased
ralph
margy
sons
wiley
john
ross
kimball
cached
precision
setting
fibonacci
empirical
ingres
accelerator
property
provision
compliant
eco
vol
namur
roadmap
members
altruistic
componentbased
montage
quorum
verification
faculty
ado
crossroads
gte
superpages
ink
trie
handwritten
efdbs
conjunctive
editors
turbocharging
taming
terabytes
spacefilling
griddb
published
minimal
probing
hpcc
aspect
trajectories
english
ratebased
mvs
emc
direct
bridging
want
weird
anyway
those
uses
save
colorspatial
inktomi
araneus
cure
hyperlinks
categorization
vqbd
semijoin
men
mice
onetoone
fingerprinting
winnowing
sql2
machinelearning
disparate
clip
multiclip
rideads
diagram
xrank
workstations
inference
polymorphism
highconcurrency
hypervideo
standalone
synchronizing
double
biased
density
final
dynamat
summarize
parameterized
theorist
plain
adsm
mass
obtaining
externally
reformulations
perpetual
facilitating
gluenail
silberschatz
avi
urbanachampaign
18th
bncod
british
hmap
parallelizer
topaz
ruledriven
multiphase
instant
spaceshared
101
asymmetric
atree
bitemporal
sortmerge
skew
rebuild
toxgene
interviewing
tight
colours
black
datawarehousing
has
chronological
vista
statewide
immunisation
coko
debugger
sift
overheads
recycling
plastic
qctrees
genome
increasing
ignorance
erratum
relevant
each
industrialacademic
operating
gui
xewa00
socqet
tickets
terminals
tail
casebased
calibrating
eiha
wap
employment
methodology
flocks
generalization
associationrule
kleisli
patent
practicioner
acta
synthesis
amdb
debugging
checkpointing
private
mediumdimensionality
disima
changecentric
timeliness
demarcation
ongoing
story
petabyte
simplification
symbolic
javaxxxl
fits
exploit
factorizing
criteria
dnaminer
walking
prevention
exception
websemantics
dedale
optimize
account
entityrelationship
together
twolevel
soft
ccube
forest
ecobase
1998
nagano
olympic
games
itemsets
interviso
already
saying
shoring
rainforest
top
bigsur
mitre
corporation
psoup
connectionist
neurorule
discreteevent
evaluate
voodb
oodbs
performances
sdss
skyserver
spotfire
qualitydriven
ambient
embedded
laws
readmostly
smp
1995
thor
worlinfo
arizona
algres
chimera
quark
reality
dream
classifiers
tam
causal
chunks
copy
deep
layouts
multifeature
loadbalancing
growing
sense
past
dbsim
incorporate
cachesensitive
daytona
cymbal
pervasive
loophole
textsource
silver
bullet
organizations
experiencing
coopware
clientsite
indian
institute
bombay
goaloriented
agora
living
singapore
psa
retention
port
extranet
asera
air
aose
agentoriented
artdb95
projection
polymorphic
remy
visualizations
pixeloriented
ecrc
loads
resumption
interrupted
structuredtext
useradaptable
nesting
lexicon
redesigning
iiweb03
eve
nonequivalent
keybased
scope
charter
validation
candidate
worlds
randomness
neato
eroc
nonrelational
databaselike
dms
leveraging
jaguar
adding
cornell
bttree
branched
wizard
disambiguation
kong
hong
costperformance
piazza
solomon
codes
reed
highavailability
scrap
wrap
atsql
traditional
fastmap
datamining
budget
shutdown
c2p
pairs
compilation
perceptionbased
pbir
supervised
ghost
fine
personalizable
powerbookmarks
utilizations
limitations
four
requirementbased
reengineering
nearline
names
opaque
trades
lots
billions
quotes
offline
anonymous
planning
disnicplan
microlevel
nicnet
similarities
schematic
millennium
cosima
speaking
esalesperson
xmlenabled
emerging
thirdgeneration
smooth
specifications
coss
3tier
2tier
instances
tyranny
emancipating
pix
lopix
weaving
italia
rwth
aachen
subqueries
place
rmp
unloading
terabyte
multiresource
detectors
ids
selfextensible
probview
generated
proxybased
groupware
indexdriven
marketing
compensationbased
price
sqlmp
hear
scream
cyber
fresh
backwater
stagnant
intratransaction
quasisparse
qursed
reporting
dbminer
seek
useroriented
smartcache
scholl
rigaux
agnes
philippe
voisard
michel
semcog
tribeca
tagging
seeded
xbase
gigabyte
poesia
agriculture
multiorganizational
lsdis
spectrum
completeness
help
capbasedams
capabilitybased
lines
throughput
clustra
arpansf
invitational
pgrid
innetwork
automata
rulebase
adbms
mdm
aided
proxyserver
networkbound
vtrees
vector
monitors
bornagain
modern
formulation
dataguides
medians
elevation
chairmen
opensource
chorochronos
qxtract
mason
useful
heraclitus
citizens
deltas
elevating
subset
easily
define
replicas
sentinel
eventbased
querybrowser
pesto
semiautomatically
highlyaccurate
cmvf
conversion
examplebased
endusers
interchange
configurations
1safe
visualisation
dba
companion
interacting
ajax
prospector
guidelines
bandwidth
gradients
comprehensive
asymptotically
flowback
backward
congressional
functionaljoin
whatif
autoadmin
utility
decomposed
vertically
shrunk
honey
footprint
formulas
supply
synthetic
billionrecord
quickly
callbackbased
startups
riscstyle
hyperfile
idisks
cardinalities
multipleview
selfmaintenance
myriad
xmas
qualified
reflect
dependencybased
mtrees
xtract
descriptors
tandem
serverware
selfsimilarity
developments
reallife
sitin
interesting
vldb2020
2020
pm3
street
wall
threads
estimators
dangers
qbic
deviation
downfall
empire
sweepingbased
huge
binary
segmentations
surfing
srtree
satellite
sequoia
viewpoint
provisioning
icons
qbi
disruptive
harnessing
involving
graphtheoretic
itemset
unbundling
multigranularity
optimizationbased
module
illustra
innovation
classdivision
anymore
talk
toto
transitioning
kansas
coalescevalid
referencing
six
graphdb
years
thumb
fiveminute
ten
later
shareddisk
caches
metainformation
wwwudk
recording
multivisual
lifestreams
dblearn
w3ql
enumerating
nearly
trusted
authorities
cics
mqseries
propel
propagations
hypergraphs
connection
scrambling
initial
delays
against
ternary
spartan
computers
hard
authentic
longterm
heterogenity
many
vmldb
telegraphcq
treescape
irregular
odyssey
densitybased
lof
besteffort
secondary
arpa
sonar
locks
target
versant
partitionedlist
schemabased
rdf
vptree
pairwise
nnearest
mlpqgis
wildcards
alphanumeric
particle
atomic
fintime
assessment
terms
instancebased
reclustering
hausdorff
quadtrees
commons
xmill
grown
mmdbms
mirror
tes
audit
determining
medusa
roll
modularization
hyperqueries
strange
refined
navigational
dbistoolkit
golden
exegesis
socratic
sigir
geographical
scopes
readonly
capability
algebras
governmental
social
1990
receivers
lyric
periodicity
epsilon
multisync
controller
quadtree
chase
far
caprera
trex
dtdconforming
while
quadtreebased
pmr
speeding
calculussql
european
multithreading
vxmlr
xmlrelational
face
back
forth
removal
duplicate
minicon
events
contexts
asserting
compound
encountered
reason
semanticsbased
decompositions
cubeexplorer
monotonic
interpreting
insite
vice
highscale
microsoftcom
cares
revealed
action
athens
ntua
osam
highlevel
knowledgebase
contrast
plots
psphere
extenders
vod
w4f
datasources
datacubes
exchanging
trading
formerly
facilities
dbxplorer
peering
peerdb
multilevel
feedbackdriven
fitting
resultsize
encrypted
executing
databaseserviceprovider
proposed
commercialize
sds
efforts
declare
gene
gea
informixonline
notation
lingering
10year
success
histories
multitable
bitmapped
hyperprogramming
five
descriptions
auxiliary
mechanism
primary
upsizing
spatially
investigating
scaleable
administration
drive
mainstream
observations
datalogneg
commix
gossiping
viewobjects
instantiating
ease
adbis
terraserver
mindreader
pipeline
endtoend
academic
discussion
circuit
raster
linkages
metasearch
pull
landscape
spiffi
fractals
hyperion
keys
fixedsize
calanda
spire
multiattribute
2variable
day
ipsofacto
demo
prevent
unknowns
muddle
xcache
cover
similaritysearch
sandwiches
snakes
bsr
representing
geominer
ellipsoid
boolean
catalog
websphere
suite
adapting
redefinitions
coauthorship
made
serfing
protection
extendible
multiprecision
refresh
mixedmedia
filter
vist
analytic
hit
probability
ranks
isdo
caise
indexorganized
nestedloop
concerns
ntpv
longduration
pyramidtechnique
autoconfiguration
goaldriven
mentorlite
warlock
quest
sharedmemory
microcomputer
extreme
samos
fragmentation
nonuniform
mainmenory
unql
proactivity
interactiveness
thought
easier
icebergcube
flow
infosphere
dynamicallyfetched
watchman
influencing
flaws
carnot
thesus
considered
vectorspace
broker
fundamentals
revised
bonananzas
bottlenecks
curio
matter
geneticbased
transmission
logics
onedimensional
browser
efendi
cadlab
cpu
dissecting
effects
happens
domino
semanticbased
cartesian
bushy
combined
wsqdsq
netcube
parity
raid5
penalty
mirroring
rebuilds
intrusions
faults
wesley
addison
rabinovich
spatscheck
oliver
noise
law
skewed
8020
multifractals
repeating
metanoia
storhouse
gateways
parallelismcommunication
simultaneously
specifying
activitydriven
blocks
recordboundary
statix
realmbased
rose
autonomy
incontext
coral
algorithmic
raid
reactive
kweelt
yet
providers
economy
swiss
boosting
ulm
fixpoint
alternating
intraoperator
amicalola
enterprises
laboratory
around
substitutability
location
compacting
transitive
decompression
meter
charge
money
axiomatic
wasa2
planpertuple
multiversionxml
multixquery
promises
realities
trigs
orion
managers
addressing
infoquilt
dyda
usercognizant
bluetoothbased
crawler
whips
flavor
ndsql
crash
skewresistant
bifocal
minimum
rectangles
miro
ofl
modperl
cgibin
opt
odefs
variable
orthographic
remarks
further
improvements
stratifiable
replica
scalablity
oracle7
valid
pedagogic
histogrambased
queryanswers
updated
frequently
crashes
anonymity
faststart
quick
hub
ntier
looking
within
extender
sketches
representative
transforms
envelope
unnesting
biotech
imprecise
uncertainty
tolerant
edgar
memoir
tribute
mac
anything
adhoc
workloadaware
stholes
contextualizing
hector
garciamolina
procedural
compilers
constructs
latency
drinking
water
determine
linking
deliver
visdb
visualizing
strings
acquisitional
sample
wheel
potter
near
jumping
bandwagon
ominisearch
postgresr
implement
efis
momis
florida
arraybased
previews
minmax
done
modification
webaccessible
internetbased
layered
perform
unpacking
behaviour
precisely
characterizing
actiview
bypassing
health
deeds
safety
aviation
assumptions
hardware
dictionarybased
orderpreserving
camps
article
cubetrees
rolap
selfinstantiating
selfvalidating
normalization
journals
explosion
extinction
simplify
avoidancebased
layout
epicenter
epiphany
enforcing
deviants
groups
email
forensics
properties
lists
overhead
hdeye
rollups
dependence
multisimilarity
ngits
take
upon
called
fds
modules
condition
multiquery
waveindices
gray
jim
diagjoin
opportunistic
decentralization
odmgcompliant
alerters
timerdriven
recovering
belief
discriminants
signatures
miroweb
portable
optimality
niagaracq
fulltext
hcctree
dwq
demonstrators
kim
written
won
commentary
assumption
peerbased
asilomar
integrates
predicatebased
hypergraph
outer
reorderings
amalgamating
fascicles
relating
odbmss
geoenvironmental
style
hgtrees
point
stochastic
positions
vocabulary
mind
computational
fragmented
mil
enabler
run
multiuser
acdn
metrics
hope
numerical
achievements
century
federation
communities
sagres
numerous
markets
componentized
continual
positional
pictorial
unisqlx
orderofmagnitude
tpcc
beef
eth
zurich
lived
reputation
sting
wild
lasting
contorting
genesys
cooperative
ubtree
pictures
chopping
13th
memex
trails
surf
explicit
webview
navigations
sqlolb
objectlanguage
traversals
thematic
karlsruhe
department
infomaster
undergraduate
internals
students
exposing
tip
qcluster
bloom
spectral
command
disco
emergent
icicles
bob
19511993
kooi
hypertabular
identity
card
italian
easytouse
xmdvtool
trend
contracting
days
rapidly
arcs
contentspecific
satisfiability
heuristic
adam
ase
useroptimizer
nthu
itri
elements
simple
bags
talkslides
languagesa
surveys
nextgeneration
wavelet
periodic
bubbles
arbitrary
demand
fact
enable
managment
star
revolution
clustered
like
projections
discriminant
announcement
paving
multiway
creation
family
covering
customer
krdb
duplicates
eliminating
manage
adaptation
discrete
subscribe
publish
fqas
spreadsheets
knearest
locationbased
internetscale
irisnet
brief
brazilian
sbbd
volume
privacypreserving
merge
education
experiment
responsive
topic
proceedings
warping
ibm
components
plan
sometimes
david
routing
rewriting
associated
reconciling
operational
function
recursive
aggregatequery
redundant
primitives
maximizing
rate
disseminating
survive
datablade
associations
east
presentations
controlling
eos
decisionsupport
everything
mpeg7
holistic
zero
norms
map
topdown
white
threat
transport
deploying
standardization
powered
box
locating
inferring
redundancy
sqlxml
peer
everywhere
cardinality
untrusted
phrase
miningbased
invalidation
merging
given
george
nodose
eddies
preference
physics
xsl
rethinking
sensing
needs
fractured
mirrors
invited
regression
expert
focused
elsewhere
community
retree
hyperstorm
workspaces
autonomic
who
speech
kbms
reverse
award
incorporating
notification
meaningful
rolex
almost
cacheconscious
interpolated
directory
topological
michael
foundations
performing
automating
patternbased
form
oasis
articles
prototypes
unisql
aurora
wavecluster
classifier
pages
approximating
databasebacked
nowrelative
coalescing
granularity
lowcost
mocha
deployment
striping
powerful
analyzing
smartcard
substring
dominonotes
area
predicting
magic
conditions
academia
similar
accurate
sciences
practices
programs
measurements
rangesum
authorization
ariadne
similaritybased
sqlmed
oid
resolution
deadlock
perturbation
modified
sgml
typechecking
should
vldbs
shrinking
ebxml
semiautomatic
pass
bank
advantage
assets
phoenix
validity
ensuring
practicality
distances
exchange
timestamping
schemas
minimizing
length
portal
geospatial
exhibit
partition
curse
multistep
subspace
experimental
objectbased
backup
teams
odmgbased
symposium
too
researchers
any
oracle8
paradise
different
cyclic
queriable
multiview
count
precomputed
syntax
subsequence
ultra
derived
mergesort
internal
marketplace
datablitz
bottleneck
approximations
procedures
contents
multijoin
costdriven
independent
kernel
selections
bitmaps
w3qs
government
elimination
xsb
xxl
displays
trigger
best
zoo
recoverable
samplingbased
distinct
number
kaufmann
morgan
generalizing
consolidation
organizing
illinois
transparent
deletion
compact
datalog
integer
consensus
optimizations
supersql
statement
demonstrations
vectors
cad
gmap
versatile
wrapping
exceptions
intensive
decade
risc
scalar
processors
quantification
correlated
reconciliation
anatomy
predictions
markovchain
reviewers
actions
logic
lham
logstructured
objectbase
knowledgebased
realworld
neuroscience
solving
tier
middle
policy
telegraph
manifesto
bess
summaries
rights
closest
nothing
unstructured
dependency
normal
tradeoff
websources
graphstructured
spirit
sloan
refinement
randomized
joinorder
expressing
sentences
accelerating
ansi
fully
gigascope
middletier
dbcache
guide
inc
2nd
redo
jungle
current
aries
center
inverted
delivering
multidatabases
curve
hilbert
indexed
krisys
nii
neural
declustering
lore
outerjoin
crawlers
portals
there
bounded
easy
dtl
dataspot
datadriven
neighbour
closing
iterative
fundamental
principle
concept
orthogonally
videoondemand
twig
when
speed
intervals
natural
ndimensional
templatebased
bottomup
red
brick
financial
master
error
cooperation
recursion
irodb
examples
devise
migration
dmdw
compressor
dna
prediction
scalability
inmemory
result
used
serializability
synchronization
dealing
ontologybased
broadening
assistant
perspectives
collaborative
quantifiable
paradigm
alternatives
separation
dynamical
alphasort
timesten
key
windows
region
naos
storing
ptool
multi
mapped
evolvable
picodbms
entity
columbia
textual
asset
mobility
tpcd
roadrunner
lixto
picture
low
reliable
india
manipulation
staging
domain
simultaneous
tpc
telecom
overlapping
btrees
eager
multiplelevel
mixed
graph
lab
eventdriven
along
selforganizing
preaggregation
bindings
firstclass
timber
hoc
construct
symmetric
existing
aqua
federations
samples
pipelined
infrastructures
leo
only
intensional
usercentered
product
vision
lessons
mariposa
ifo
close
decomposition
archiving
fusion
complements
gathering
mediated
beliefs
truth
preservation
address
codd
identifying
numeric
interactions
midtier
idea
hot
identification
autonomous
rulebased
navigating
educational
strip
projected
author
weight
light
prefetch
humming
ripple
build
influence
wrappers
known
shapes
critique
bringing
inheritance
advances
locally
after
modular
clio
three
nutshell
levels
ldap
diverse
bad
ugly
sleepers
workaholics
exploratory
pruning
answer
insurance
closure
garlic
bounding
weave
fault
negotiation
both
fetches
buffers
finite
lru
turmoil
centers
hypothetical
fourth
memoryresident
working
coordination
preface
press
trade
investigation
troubleshooting
sqlj
strudel
customizable
isolation
selfadaptive
finegrained
they
cluster
predictive
xmlbased
quantiles
onepass
earth
breaking
inputs
www
biological
costs
job
does
2003
exact
points
journal
gloss
enough
distributing
resources
sky
5th
need
comparing
summarization
watermarking
customizing
ordbms
freshness
skyline
capturing
steps
ontology
protein
protocol
nonstop
sap
prototyping
brokering
simulation
mappings
testbed
proximity
production
authority
small
smart
benchmarks
dynamically
get
requirements
going
extending
knn
critical
preferences
crawling
link
businesstobusiness
coherency
waveletbased
nasa
scans
distinguished
expression
output
tracing
lineage
p2p
art
triggers
now
functionality
materialization
updating
rasdaman
down
religious
wars
rainbow
optimisation
static
multiprocessor
linear
trends
predicate
mediators
tradeoffs
fractal
groupby
machine
implementations
desktop
atomicity
logging
career
forum
rdb
relaxed
cougar
interoperable
metu
national
push
1999
description
definition
some
measures
remote
feature
characterization
much
will
users
block
correctness
enhancing
records
treasurer
generator
relevance
usage
indeterminacy
ranking
ontological
component
revisited
filters
partitioning
vertical
worldwide
window
second
consistent
navigation
signature
sequential
versioning
safe
calls
chain
websites
sort
exploring
referential
twodimensional
dataflow
encoding
sharednothing
modelbased
calculus
early
complexity
archives
classes
agents
all
interval
match
tsimmis
predator
improve
progress
intelligence
4th
multiparadigm
geographic
schemasql
tods
extensibility
conscious
tsql2
log
cubetree
granularities
relative
basket
just
than
aspects
tracking
guarantees
selective
extensions
widearea
enabled
informatics
keynote
taxonomy
preserving
devices
platforms
reuse
ratio
historical
categorical
composite
consumer
mls
splitting
quickstore
annotated
optimizers
funding
relationship
ondemand
setvalued
contextbased
delivery
orthogonal
xps
describing
schemes
dbmss
where
context
massively
hierarchy
two
functional
studies
variant
implication
string
clusters
binding
source
another
version
status
odmg93
interaction
manipulating
sybase
website
technical
automation
news
way
constructing
sql3
graphical
ordered
teradata
representation
meets
paper
minimization
industry
client
changes
automated
mediation
partial
composing
iceberg
lightweight
hidden
timeseries
reducing
attribute
life
webbased
announcements
program
oltp
replacement
solutions
transformation
databasedriven
scale
dependencies
asynchronous
hybrid
continuously
versus
testing
local
intrusion
bibliography
extension
multiresolution
partitioned
dynamics
graphs
reports
operations
benchmarking
concepts
collections
2001
free
keyword
abstraction
ubiquitous
scaling
lotus
concurrent
work
biodiversity
prefetching
bitmap
correlation
dimension
legacy
unix
reorganization
informix
proposal
fuzzy
faulttolerant
publishsubscribe
heterogenous
that
personalization
presentation
unified
have
role
statistics
hypertext
reference
counting
sparse
between
limited
sequence
searches
infosleuth
node
long
first
record
firm
mechanisms
stored
speaks
capabilities
buffering
comparative
alternative
designing
configuration
disks
title
oracle8i
rtree
store
foundation
operators
table
sorting
improved
analytical
interview
other
power
robust
attributes
impact
processor
disjunctive
parametric
files
energy
ranked
experiments
adaptable
processes
agentbased
changing
products
evolving
under
toward
section
allocation
not
operator
workloads
look
complete
topk
synopses
public
regular
networked
developing
multiversion
reviews
good
distribution
state
bulk
why
generating
acceleration
behavior
their
highperformance
base
handling
tools
stanford
medical
enterprise
event
quantitative
evaluating
wavelets
combining
reordering
benchmark
cleaning
novel
available
discovering
ontologies
oriented
mainmemory
ordering
activity
demonstration
rtrees
availability
out
understanding
construction
toolkit
feedback
expensive
implications
during
distancebased
containment
library
btree
lazy
bioinformatics
rapid
accessing
outliers
computer
profiles
wrapper
comparison
functions
costbased
declarative
native
problems
algebraic
nsf
indices
tuning
experience
among
commercial
approximation
progressive
statistical
placement
class
traffic
2000
versions
wireless
history
shared
massive
edition
locking
propagation
site
challenge
b2b
making
constrained
enhanced
practice
general
level
incomplete
value
structural
heterogeneity
selftuning
plans
type
infrastructure
you
optimized
reduction
dimensionality
results
group
range
software
tertiary
policies
gis
images
communication
common
distance
user
approaches
can
repositories
standard
foreword
histogram
maintaining
intelligent
more
optimizer
arrays
conceptual
science
relationships
load
reasoning
finding
physical
virtual
your
personal
issue
integrated
development
protocols
use
features
ebusiness
presence
response
engines
dissemination
one
translation
acm
userdefined
streaming
answers
modelling
domains
opportunities
strategy
garbage
oodbms
are
industrial
file
xpath
grid
values
cube
checking
eservices
without
parallelism
its
transformations
via
interfaces
perspective
filtering
java
security
estimating
experiences
technique
2002
engineering
hash
nested
sequences
applying
change
beyond
summary
theory
session
frequent
wide
random
about
directions
loading
order
disk
process
independence
oodb
transactional
specification
video
part
publishing
patterns
platform
providing
compression
highly
survey
market
monitoring
contentbased
peertopeer
broadcast
organization
enabling
extracting
metric
xquery
set
media
across
searching
browsing
standards
main
size
rdbms
probabilistic
mediator
generalized
bases
generic
advanced
resource
real
principles
sigmod
nearest
column
exploiting
libraries
hierarchies
replicated
constraint
dataintensive
environmental
balancing
classification
compressed
special
next
datasets
tables
moving
types
future
page
solution
universal
cubes
external
formal
collection
vldb
repository
algebra
into
interface
secure
predicates
scientific
learning
largescale
buffer
aggregates
expressions
spatiotemporal
engine
neighbor
optimal
scheme
stream
mapping
sites
logical
space
chair
sharing
series
metadata
evolution
scheduling
indexes
visualization
multidatabase
conference
interoperability
histograms
world
flexible
case
updates
extraction
exploration
global
sets
cost
servers
open
efficiently
persistent
extended
service
editorial
computation
environments
visual
objectrelational
strategies
automatic
content
introduction
consistency
sampling
what
path
very
hierarchical
middleware
detection
transactions
dimensional
problem
ecommerce
technologies
microsoft
overview
practical
tree
matching
guest
quality
rule
aggregate
relations
prototype
how
reminiscences
extensible
implementing
continuous
modeling
integrity
clientserver
commerce
