"0 ~ 1, 1 ~ 0, grouppatterns,groups, None"
zimnyi
hagstrm
heymann
wegner
kilian
gunnar
katja
tham
merkel
nrvg
alagic
golding
ananthakrishna
sara
kanza
peyman
xue
pramanik
kalinichenko
trker
michail
vlachos
neukomm
schuler
kollr
gromann
nicklas
baywei
salgado
edelweiss
nina
carolina
josji
hernandez
nie
zaiqing
nakhe
aditya
parag
charuta
stacia
chandrakant
scot
ljiljana
daguanno
arion
pugliese
sandra
gianni
oguz
rosenkrantz
filippo
furfaro
elio
masciari
snchez
viviane
younggook
xiaosong
antonia
shivani
ugo
vijayalakshmi
olivie
hayes
shashi
gadia
striel
rhm
ayse
sengr
zel
altingvde
alhamdani
selma
parikh
antara
jignashu
carlchristian
rodrguezmul
kraft
dageville
benot
agathoniki
lilan
meziou
jackson
monem
taniguchi
kunihiro
changwon
mariaesther
patiomartnez
jimnezperis
milenko
petrovic
burcea
rhl
sharm
dholakia
pantazi
hagleitner
despont
vettiger
binnig
drechsler
pozidis
hberle
jubin
wiesmann
bchtold
rothuizen
ute
gotsmann
urs
loeliger
drig
lantz
stutz
eleftheriou
cherubini
grger
qiongmao
michle
jeanfranois
fernndez
xiaohui
barry
schnhoff
strssler
simin
elderini
nazih
alfred
aho
morris
arkady
zaslavsky
sloman
tatseng
alessandro
yeo
isabelle
pieringer
karayannidis
shawcross
gavin
vieira
madeira
yuanyuan
chengxiang
habich
decker
potapov
huai
armando
rahul
ghosal
sugata
mick
lifantsev
maxim
seidman
dllmann
yannakakis
mihalis
lempel
moran
shlomo
ronny
yifeng
carmem
mihai
liuba
miguel
darling
hasselmayer
gntzer
krll
schtz
amber
anisoara
jeffery
shawn
chiayee
babak
pssas
meira
rodolfo
katsumi
yusuke
pramudiono
iko
takahashi
ohura
kazuyuki
0003
lszl
bszrmnyi
zhimin
bchner
grvlen
heiwing
mayerfll
kumaran
shariq
rizvi
xinhuan
thvenin
gutirrez
chrysanthos
dellarocas
watzke
mller
maurcio
tito
kofi
annie
karim
mosh
grimmer
lbbers
dominik
grnhagen
ganapathi
heumgeun
uhl
mhlberger
mck
seifert
sanyih
ntoulas
grazia
valeria
soares
natalya
noy
fridman
bltzingsloewen
zirm
hseyin
korpeoglu
mohanty
pranab
chenyi
xia
sujit
srinath
sergej
graupmann
sizov
lai
hailing
topaloglou
ngel
raposo
lvarez
via
orjales
molano
vicente
pan
justo
hidalgo
ardao
anastasio
montoto
krivokapic
hweehwa
wilder
zonghuan
frdic
kstler
crestani
girolami
dominique
schuble
kwokwai
knig
hacigms
dnzinger
sangwook
weiguang
senkul
toroslu
murthy
jyhshian
ycel
daofeng
xiaofeng
grahne
gsta
sayal
mesiti
parr
heinkel
meinecke
constantinescu
pennock
cosley
mrtens
klsch
gnther
nigel
rosneblatt
bttger
silvia
yidong
xiaofang
xuemin
brockwell
spiros
aashu
huebsch
stoica
lanham
laurynas
timko
hage
speicys
shingshan
jrguwe
ley
glenn
iwerks
schfer
harding
grzegorz
czajkowski
sur
gargi
elsayed
gerti
kounev
shuchi
florin
dragan
cremarenco
nicoleta
cosmin
nagaraja
ajith
halverson
kini
ameet
sattler
schallehn
ingolf
kaiuwe
geist
vagena
donghui
zografoula
pratik
kirpal
anuradha
bhamidipaty
mouli
alok
hppler
florence
koen
eddy
burckhartchromek
nassiakou
badescu
kotov
schweiger
mapelli
dobson
ryabov
moneta
amorim
caprini
alexandrov
parrington
liko
barczyk
mineev
lucio
kolos
ribeiro
wolters
kazarov
flammer
soloviev
schaffert
berger
sacha
wieser
bry
ramaraju
sitharama
hammel
laurie
yuping
gallersdrfer
herlekar
gopale
anandi
shaymsunder
deopujari
teubner
0002
stankiewitz
bourbonnais
hamel
tuong
chengfei
hasse
mnkeberg
bengt
joakim
sten
jonas
kller
cass
spyros
mnnist
chihhe
shiming
riccardi
sundararajan
hillery
geetika
gerald
yvn
sbastien
shruti
meek
kasetty
bkgaard
chichun
dharmarajan
shyamshankar
willemjan
geertjan
bodo
toms
mak
oiyan
mathis
mahnke
steiert
wsch
moustafa
hammad
hankins
wiktor
irini
fundulaki
mahadev
rajesh
amey
bhowmick
dadabhai
laud
sourav
rmy
jiri
schindler
walters
hmmer
quzzani
chaitan
paval
phillippe
chner
stierl
kezuyuki
llmann
jamie
sundarshan
rcio
guiseppe
alag
sudaresan
muhlberger
shel
groger
youngjian
linerman
marron
pillip
miha
946
adii
yoo
259
arno
mcllroy
corp
lotus
shimichi
mmer
kwangting
dana
devin
matthieu
cable
dietzen
donahue
maimone
wig
raju
chingshan
falsutsos
comet
kintzer
mavris
huber
brunner
ssas
meita
yoelle
marfred
rodriguezmula
nnist
chih
danny
melo
rubens
luiza
porto
cavalcanti
margareth
mattoso
simoes
campos
moura
cel
efstratios
nzinger
mill
wook
kyu
jen
dertouzos
eibe
ian
witten
hacig
351
nhagen
vlaidslav
kollar
mat
nicolf
par
bastien
nig
rtens
halpern
duncan
rguwe
vlen
lsch
222
235
seng
tat
topologlou
mueck
229
krivokapi
263
ksel
szl
gibbon
ntzer
sidhar
rfer
gallersd
zim
ashoka
goldring
schue
ttger
mendoca
case
francois
olivi
baekgaard
wuthrich
athens
technical
national
univ
nonen
mitsopoulos
rita
montanari
scalas
peressi
melvin
hwa
hwee
bogdan
capatina
uble
rosenblatt
ssler
hoff
str
ami
svetlozer
lockermann
brigitta
dallas
ltzingsloewen
kriegal
joachen
ppler
eliza
johan
halal
suchow
ment
consortium
actnet
marieanna
randel
dayn
nicholai
tirm
mayerf
xiolai
nther
yasukiko
mich
jeanfran
spataschek
bornh
sayed
university
stanford
cob
rker
cio
236
maur
nicol
mar
faloutos
487
rpeo
seyin
rrez
venin
guti
pati
omart
nezperis
hagstr
thrich
mackay
nandit
soparkar
dandrea
janus
hatoun
singer
galvez
erwin
maskey
bhaskar
purimetla
voskoboynik
aleksandr
sokolova
viktoriya
weitz
jittat
baryossef
ziv
dror
fakcharoenphol
michelle
jou
chow
jyhherng
grandbois
samaras
aslandogan
alp
strehlo
kimball
nink
zhexuan
rodriguezmartinez
mcgann
katz
xiangyu
gerla
kaixin
hansjoachim
alain
massart
esteban
yakusheva
pirotte
smeaton
christ
sou
karvelis
chaudhary
andrianopoulos
aziz
aitbraham
moser
spiro
prasant
mohapatra
meichun
ladin
rivka
bowker
breiteneder
gibbs
tsichritzis
friedman
sondag
pierrepaul
hao
parisipresicce
philpot
modi
sheila
pragnesh
barish
minton
tejada
demichiel
jasmin
papiani
wason
dunlop
nicole
kjetil
belussi
goksel
aslan
chimfu
zeidenstein
kathy
tendick
matloff
hapner
clossman
pledereder
suad
rob
euihong
karypis
daoi
yangarber
piatko
spyridon
braoudakis
pektas
tambag
toprak
yildiray
serkan
gokce
pembecioglu
kabak
laleci
sait
yaron
haber
eben
skowronek
artur
klauser
ted
mihalisin
zenon
protopapas
eliot
jahnke
faratin
jennings
kheng
guan
melling
doucet
vronique
kshitij
clemens
gettys
omran
bukhres
avishai
wool
trickey
pappas
kristian
torp
chiew
velegrakis
sakti
arvola
parke
gkhan
rane
diwan
sanjeeva
troels
andreasen
larouche
gouin
kucera
morin
pogue
vineet
alsabti
ranka
gertz
can
cotton
like
jayen
somogyi
vaghani
kemp
leask
zoltan
ilaria
bartolini
chirn
gungwei
scherer
mittrach
heuel
silke
berkel
eberhard
baumgarten
frederic
polyzois
lubor
flodin
staffan
ester
xiaowei
wimmer
chingtien
kanungo
tapas
chandrasekhar
wthrich
ana
sumanta
jasuja
blecken
jenwen
yuehmin
shiaoli
tsao
drasch
hou
zhongyang
wenchi
shadmon
sample
pankaj
calero
piattini
coral
francisco
ruiz
pardon
fenia
zioga
gucht
sudhir
paradise
vinayak
kaustubh
deshmukh
borkar
rinfret
asgarian
dhaval
lemar
cristianaugustin
saita
myungjae
natarajan
weiner
lima
xiangning
mehran
sahami
perl
anca
vaduva
vetterli
ranganathan
draluk
bhattacharya
suparna
stojanovic
motik
imin
whelan
dietterich
giri
debajyoti
ranbir
debasis
sanasam
cenk
dikenelli
riza
erdur
mohania
evan
harris
vanichayobon
dirckze
summers
sirirut
sylvain
guinepain
leszczylowski
baezayates
crestanataube
marrn
chiwai
sonny
zaane
zenian
draper
denise
arcot
sampaio
farias
mrcio
novaretti
liangzhao
phuong
wenbin
kwai
objectivity
bezenchek
dale
anja
ghassan
alqaimari
daz
andrzej
gale
mosfeq
shore
lynne
wes
cowley
higa
zimmermann
butler
narendra
marn
galiano
nicols
capuozzo
yahui
bing
khokhar
ashfaq
leinbaugh
maelbrancke
beard
lily
hendra
huagang
averbuch
radzyminski
stolboushkin
alexei
taitslin
yunwu
elfeky
moustakides
brajesh
velikhov
gene
thatte
shklar
selinger
patricia
blees
michalk
lehmann
ismail
abdullah
brecheisen
pfeifle
schubert
krger
jochem
vonk
kengtai
packer
thinfong
tsuei
leng
kestutis
ivinskis
janaki
hongyan
lalk
missier
caruso
fiebig
kanne
schiele
kreutz
gerard
weienfels
wodtke
elliot
rantzau
knigries
reiher
kia
jari
perkins
veijalainen
makki
duane
irani
adriana
szafron
lipka
muoz
boman
zat
demers
rajmohan
trigoni
greenwald
vibha
fenghua
biggs
benninghoff
vassilakopoulos
corral
lionel
brunie
hillebrand
funkhouser
santini
simone
overton
zahir
tari
vidal
win
qun
dekhtyar
cereghini
kirk
wylie
takanari
takashi
kiyoki
hayama
klusch
widoff
jianguo
mina
chebel
kien
tsois
borgida
kwakkel
zhe
khardon
saluja
roni
sewak
sukho
hyoseop
leejay
payne
sherif
danish
mondal
anirban
waine
yilmaz
cemal
weikuang
vuk
woodruff
allison
spalding
mybrid
ercegovac
dimililer
nazife
dhamankar
robin
weiyin
kempster
masum
formica
dietmar
rengarajan
manola
magnante
pecorone
eaton
bornhvd
ireland
anisimov
renzo
albano
giorgio
ghelli
orsini
sarabjot
hainaut
morpain
pons
cart
ferri
claire
anat
taira
ricky
christoffel
schmitt
pulkowski
bethina
jeannie
shands
bichler
peschansky
ubell
anyanwu
kemafor
sinha
whitehead
forlizzi
vallabhaneni
padmavathi
eaglestone
flix
thaper
nitin
jianzhong
balkir
nevzat
hurkan
hurson
pakzad
devavrat
paskin
lawder
parekh
devesh
seungwon
chiajung
blum
kohler
shaoyu
lakshmi
seetha
goethals
taskar
lise
getoor
derose
brewer
masci
qingshan
rivero
jihwang
roure
mirbel
tserkezoglou
kilgour
dac
cox
eick
taosong
schleimer
saul
wilkerson
reinert
lum
delis
botev
shao
chavdar
culler
arpacidusseau
remzi
atsushi
ohori
fernandes
dinn
alvaro
barja
reuven
netanyahu
amihood
kashi
douglas
banks
haitao
claus
hagen
pinkwang
bierman
okay
yuksel
altintas
skubiszewski
marcin
rees
luisfelipe
hineman
pires
fatima
phipps
derr
marcia
mema
zhai
read
combi
clara
nippl
reza
jafar
zarkesh
adibi
iftode
liviu
yuhlin
freeston
cormode
rasa
bliujute
hanuma
kodavalla
lyons
barbosa
keenleyside
denilson
wah
sinnwell
fahl
gustav
borghoff
chidlovskii
gopal
mulagund
chenye
palaniswami
worah
shevchenko
devanand
devashish
souvik
savasere
foto
afrati
krishnakumar
edelstein
herb
nielsen
lane
edwards
meridith
ebbe
spence
dayns
printezis
spalazzi
panti
giretti
mohandsaid
jeanchristophe
biancheri
gavino
paddeu
pazzaglia
chiara
jussi
kent
shilpa
guangshun
sure
studer
york
rudi
dobra
louxin
meier
evfimievski
alexandre
iglinski
hyuk
rasikan
vieille
clark
french
liao
liangyou
yaqin
schnase
sepandar
daswani
vinograd
crespo
schlosser
kamvar
loeffen
pavan
ankur
katkar
deolasee
panchbudhe
grigori
orlandic
swietlik
ratko
lukaszuk
tam
simmen
mihaila
wildfogel
hadzilacos
thanasis
nectaria
tryfona
exarkhopoulo
segal
asterio
lassettre
toiati
templeton
buer
darrel
herbert
maros
marjorie
henley
zwilling
schuh
mccollum
blaustein
lafferty
rudy
setiono
darmont
vandenberg
raddick
malik
tanu
stoughton
wangchien
tucakov
ahlberg
leser
felix
naumann
ulf
sol
egbertjan
agma
traina
caetano
myers
shrira
castro
day
ghemawat
snehal
thakkar
kolahdouzan
golshani
urban
suzanne
dietrich
forouzan
aulakh
kamar
liew
senqiang
shiang
davis
balke
wolftilo
brigitte
assaf
wolff
ran
schuster
luniewski
stokrp
lefler
catalina
funderburk
keun
arnold
wilfred
greer
iosif
lazaridis
zeller
lenz
wookshin
stathatos
baras
jonghak
gardels
kenn
ganjam
xhumari
olteanu
kiansing
hweebong
kwah
rakow
jacox
giorgini
heribert
vlad
annevelink
jurgen
ogawa
sarkar
nica
wyk
sloan
galanis
yiwen
huffman
nado
jie
hoang
chi
louis
venkatasubramanian
shihfu
kaiser
felicity
lik
teo
keng
perna
buza
takako
randolph
mahashin
siu
hickey
garca
barrena
linan
yezdi
lashkari
lochovsky
hamidzadeh
kean
siddhesh
bhobe
nilesh
dalvi
mork
wade
carvalho
resende
tien
lihyuarn
yukiyoshi
saito
bufi
kimura
mukherjea
corey
reiko
yutaka
sougata
quoc
shimazu
jinhai
rona
machlin
haddad
sethi
ishwar
ramiller
alice
whitney
herrerajoancomart
domingoferrer
josep
jordi
sacksdavis
rich
moni
holland
ehm
hidber
tusch
riedler
bachlechner
margit
hofbauer
hanin
parsons
sundara
chorma
seema
nipun
schoop
mareike
windsor
honesty
marios
skounakis
bargmeyer
perry
trisolini
bowman
bumbulis
bernard
boll
battaglin
hjelsvold
midtstraum
atal
sanket
komondoor
eskin
eleazar
leone
suresha
barber
mulvenna
yaghmai
birdsall
hedieh
glasstone
yuen
chunhung
athauda
vaschillo
shuching
xiaoling
vasilevsky
rukshan
xiaobin
loizou
changzhou
wiest
wolffritz
riekert
gerlinde
petropoulos
monica
urata
lapis
chandrasekar
qicheng
zasha
weinberg
spyns
mustafa
jarrar
nerode
jianhua
yubin
guoren
yaxin
bao
assad
delgado
hermann
kamber
croker
tuzhilin
cardelli
coleman
rocco
vish
rossum
jumani
barinderpal
landau
jeanette
holager
zoran
cudrmauroux
anwitaman
punceva
despotovic
kfer
ptke
chander
dreux
casanova
mediano
dozier
frew
papadakis
edgar
kerschberg
sibley
maganty
vivekananda
abel
kerry
shepherd
jialie
katarzyna
smaga
koizumi
satoshi
takano
seiichi
hiroyuki
hussein
pena
kon
fynn
jakobisiak
maitrayi
sabaratnam
jessie
kuijpers
aslihan
celik
toumani
farouk
petit
lopes
marchi
hope
zloof
jonscher
joyce
dehaan
ohler
gschwind
akira
kawaguchi
bartek
kiepuszewski
poncelet
cicchetti
teisseire
rosine
maguelonne
polaschek
nes
niels
uphoff
heinz
frohn
ball
zhengying
malon
gerber
baclawski
weinberger
bloom
keeton
jannink
xiaoyan
koo
laursen
olkin
porter
clements
stenoien
mediratta
musukula
dae
jang
byoung
sik
sangho
gaasterland
weinstein
nwosu
kingsley
berra
savino
rabitti
fausto
amato
pasquale
sebastiaan
solms
bosc
gabriella
pasi
celis
dill
mccurley
ambrosetti
francisci
patteri
amedea
molinaro
bedeschi
paolucci
ticca
cristina
paola
gargano
orietta
rossella
pina
fugini
antonellis
sameer
mahajan
alameldeen
alaa
misbah
deen
berthier
altigran
silva
laender
teixeira
ribeironeto
antony
hosking
jiawan
churchhouse
idris
kalus
staelin
aoki
sah
korus
niblack
dragutin
myron
ashley
hafner
flickner
vana
kalogeraki
wadler
arge
octavian
matsuzawa
kunikazu
yoda
hirofumi
yongjin
tanin
beigel
egemen
satoh
ichi
katayama
renner
saladini
pavani
lorenzo
massari
yawhuei
shih
chisheng
fritschi
shanhoi
gaffney
kanellakis
paris
costas
vassilakis
kahveci
hodges
shekar
ramanathan
dongwon
sashikanth
srihari
rolker
andree
legat
keitel
lechtenbrger
rama
kanneganti
gelernter
freeman
cercone
yandong
cai
wilschut
annita
nagle
domenig
ruxandra
runping
adiba
rieber
blow
panwar
linden
rajendra
wineman
bert
vickery
kirsch
der
jihad
ono
kinji
boulos
ethan
tianqiu
fanny
wattez
fiegel
duranti
luciana
epstein
owen
frans
michelangelo
coetzee
diligenti
giles
gori
dewan
jaejun
hasanat
jeffers
lijing
gross
praun
chou
auyeung
nejdl
sintek
siberski
yiu
yinling
polly
meishuen
yiming
rui
yonghui
kanjamala
pradip
yuguo
shetal
therber
jacob
kaippallimalil
cecil
mciver
gaede
dasgupta
cotter
bauldock
gladys
jenkins
stamos
lip
doo
daniels
elsbernd
souder
doorn
shrufi
adel
thodoros
yuhsi
curry
lodge
geyer
madec
xiaoya
linas
bukauskas
carmel
natalija
ehud
gudes
junyan
nauman
suorsa
murty
valiveti
latarche
rajat
abrol
mukherjee
tourn
gregg
eitan
valerie
batini
yeha
atfi
andries
cabibbo
kornatzky
yoram
krebs
bergstraesser
abugov
krishnamurty
rathindra
sarathy
muralidhar
haldar
kwang
engkee
hai
zilio
xueqing
hongwei
zhimao
gong
mokhtar
kandil
stillger
franz
baader
antoni
oliv
hanley
yuqi
wenyun
lakhamraju
mohana
hui
krishnaprasad
eman
anwar
dorman
zhong
xiang
jesse
parker
anton
tie
spyratos
kashani
banaei
faruque
jabed
faisal
farnoush
adil
kennamer
sherri
xiaojian
wechsler
glavitsch
arroyo
javier
kan
runying
law
lui
kelvin
azavant
mlivoncic
aiqun
connell
yingguang
liau
cuppens
arnd
hakan
mohammed
rupawalla
carrie
ballinger
strau
helmut
phan
hannes
spintzik
evangelos
zirintsis
ordille
joann
access
nag
kupsch
shelly
biswadeep
lueder
vishu
dongqing
shiwei
tengjiao
bello
randall
dias
feenan
norcott
finnerty
caplinskas
olegas
eder
albertas
vasilecas
ishikawa
yoshiharu
subramanya
barnes
milliner
moreira
geraldo
zimbrao
jano
wensheng
umang
tamura
masahisa
freedman
ursu
selfridge
tetsuya
furukawa
vasiliki
kantere
iluju
kiringa
relihan
girish
liam
icheng
dastur
roxana
olson
abhinandan
diego
giacomo
dinkar
sitaram
erwig
stefanovic
nebojsa
kataoka
ryoji
maguire
keiji
oenoki
mikhail
atallah
denny
santa
samtani
petrone
patrizia
pucci
hearst
julian
kupiec
francine
wilcox
sanghyun
khn
ludwig
jayanta
steenhagen
rolf
hennie
sawyer
awais
mcclatchey
speegle
fensel
lipyeow
sameet
sthr
mahboob
houtsma
miranda
sangyong
medsker
christensen
preotiucpietro
vlahavas
bassiliades
ioannis
bosworth
wallrath
hansdirk
mechtild
fayyad
usama
netz
bernhardt
greco
walpole
schwan
karsten
weiying
wen
hongjiang
jirong
junho
gallagher
toon
calders
iraklis
varlamis
hoffner
vernon
nishizawa
keith
rosenstein
itaru
weipeng
choenni
yau
leong
sartori
aloysius
burkert
kolmschlag
radeke
kachel
nolte
jutai
chamberlain
thrun
margaritis
lundy
mehra
harpreet
sawhney
jandirk
boehmer
elvira
schaefer
lukasiewicz
ellison
massimo
mecella
art
kostamaa
pekka
kaufmann
hergula
klaudia
virmani
valrie
weifa
ramya
raj
kailash
wailok
chialin
sussman
hyoungdo
svensen
gabber
shriver
yongdong
deppe
rafiul
ahad
glushko
kietz
reimer
navas
wynblatt
julio
lincoln
stein
goodman
rozen
danko
demichel
mannhaupt
kilger
zisman
setzer
winterbottom
stacey
weske
mathias
pielech
maged
luping
bradford
katica
dimitrova
kappel
retschitzegger
sahraoui
gamache
nadjiba
thacker
bondo
mads
dydensborg
leopold
beaufour
theodoratos
cobb
cardiff
eike
sanders
zander
egenhofer
max
jaeger
chansineying
dangngoc
tuyettram
darroux
machuca
hal
berenson
doppelhammer
roome
pascale
minet
gawlick
byoungkee
kokkotos
spyropoulos
constantine
efstathios
panayiotopoulos
themis
haenni
wentland
warkentyne
cardinaels
forte
hendrikx
vervaet
duval
simillion
keihl
stanoi
ishakbeyoglu
naci
tygar
motakis
iakovos
gebhardt
valentin
gulledge
bailey
sommer
drougas
stratos
tryfonopoulos
idreos
adler
belkhodja
atroun
floyd
kalidindi
iyengar
kannan
rajgopal
nithrakashyap
fife
manli
reuter
liles
vanbriesen
fischbeck
jeanne
kollios
domeniconi
carlotta
saake
hohenstein
ralfdetlef
corni
guidetti
melchiori
malvezzi
deng
alexopoulos
orji
barton
loureiro
cyril
tombroff
plaisant
bruns
shiby
karadimitriou
kosmas
tyler
kiran
achyutuni
pluempitiwiriyawej
youzhong
yihua
minsoo
chunbo
charnyote
haifei
gillian
dobbie
mengchi
davulcu
obrst
spiliopoulou
berendt
myra
maeda
yoko
nearhos
viveros
marisa
rothman
hon
kuok
mellin
eftring
andler
eriksson
zohreh
bloedorn
nazeri
ostwald
chengyu
reiner
zijlstra
jaco
rossbach
zohar
sagit
thanos
vel
mohay
corney
nishio
masahiko
yinhuei
tsutomu
tsukamoto
shojiro
terada
sawai
shoens
molesky
lory
wawryniuk
bonatti
list
vaisman
richey
hoshi
mistry
apostolos
cody
arya
dahle
tor
didriksen
eirik
manoj
chavda
lloyd
noronha
hiromu
ishii
squire
eicken
croft
lon
peterson
ramirez
ligoudistianos
franconi
management
object
group
database
federica
tomi
heidi
aljadir
florida
bertossi
lina
mayol
enric
gregersen
leopoldo
estrella
hornsby
mandreoli
wedemeijer
lufter
kathleen
lex
irene
held
chekuri
madar
yurek
carson
kaisang
finin
cassio
brendan
annemarie
santos
ailleret
jeanclaude
dos
hills
vercoustre
tessier
obrien
tschernko
ping
venkatrao
mah
teresa
bansal
sanju
karlheinz
hess
kleissner
charly
zhen
karbhari
pradnya
douglis
rabinovich
belkin
houben
heuvel
isakowitz
amin
vahdat
roelof
blok
milan
menzo
zwol
windhouwer
ernst
jaslikowska
saroiu
theodora
ewa
shiori
betzler
israel
benshaul
reich
levine
takahiko
shintani
keen
dally
maximilien
meseck
reed
tesch
zirkel
chengwen
subramanyam
mallela
mitul
tiwari
ojjeh
bassel
mackellar
bonnie
peckham
joan
xie
donofrio
duschka
genesereth
burton
yasutake
yoshihiko
sumiya
kouichi
imai
kazutoshi
hirohiko
sanada
hanna
magdy
huacheng
saar
paolino
clementini
eliseo
felice
noble
satyanarayanan
singhal
vigyan
nematollaah
papoulis
despina
shiri
stef
wileden
scacchi
joosten
ginis
maurer
krupp
amouroux
naacke
tarantino
gentili
junmin
shoshani
ward
punit
doshi
shaun
gyssens
lukas
relly
shi
chopra
rajiv
kesim
seoklyong
seokju
couto
ningning
mihnea
arbee
466
232
rodr
guezmart
stephane
sli
ane
jaiwei
ozhan
gory
ger
tke
weissenfels
mong
352
altenis
ronique
poess
mohandsa
wangchiew
287
mauroux
cudr
nigries
clau
lie
witt
claussen
nyi
microsoft
luna
lechtenb
rger
sidle
eduardo
anurag
xing
rasin
udo
gnter
sheldon
teng
jenyao
shourya
soundalgekar
duminda
wijesekera
rieger
axel
janeike
lerner
zhiyong
lidan
chungdak
sagiv
vipin
geller
nardi
daniele
nutt
rohit
gokhan
mamou
keulen
nicholas
jimeng
qiang
sema
cevdet
ebru
sibel
marr
abhinav
bellamkonda
srikanth
sankar
folkert
pss
maarek
beat
subbarao
kambhampati
gaurav
hulgeri
bhalotia
srinivas
jermaine
costa
andrei
mukhopadhyay
nemeth
khivesera
braunmller
kazimierz
harumi
xiaoyu
mingchuan
jagatheesan
marcus
theobald
dick
lucas
vassilios
sengar
vibhuti
ghosh
ganapathy
neumann
seltzsam
keidl
birgitta
randal
jeroen
hart
akca
kian
marta
leymann
chiueh
tzicker
riccardo
torlone
schning
spatscheck
hugo
benedikt
loo
thau
long
jaideep
dunham
youngkoo
gerome
miklau
felber
elhardt
fenk
strauss
gilbert
grohe
tansel
dmitry
suckow
fox
goto
koichi
colliat
staab
sangdon
ramanan
hamilton
preda
constantopoulos
cilia
busse
allen
rick
thierry
kris
viswanathan
badrinath
mikael
tiberio
anciaux
truong
ryan
lun
dik
paredaens
wagner
marieanne
farshad
carmen
young
milind
watts
joe
levene
neven
lukasz
golab
maya
ramanath
adriane
nuwee
jessica
stuart
rost
linderman
karp
eepeng
ramamurthy
helland
pat
choi
reagan
watson
nikolai
ganger
andrey
balmin
bishwaranjan
bhattacharjee
cranston
huras
stolte
etzard
xiaodong
bob
grace
lingling
lightstone
kun
development
kwan
suk
pruscino
vardi
sion
eva
shridhar
bill
neoklis
polyzotis
yiukai
krmer
quanzhong
grust
chandra
dmitri
kalashnikov
narain
sanchez
zabback
dumas
marlon
nez
kie
braunm
227
199
imieli
324
ski
phane
nter
nsson
mer
gisli
hoel
albert
towsley
stankovic
surojit
sheikholeslami
gholamhosein
agichtein
berg
youchin
yun
pfoser
zemankova
saltenis
junghwan
hrder
ritter
kelley
vadim
berson
tatiana
dehmel
jane
vijaykrishnan
kandemir
mahmut
gurumurthi
sivasubramaniam
irwin
sudhanva
weininger
sauter
camps
shenker
eickler
mulchandani
carol
kunlung
vaskevitch
kant
geoffrey
shimin
mowry
fischer
francesco
muslea
naveen
ambite
linda
davood
rafiei
sheunglun
michels
yixin
chionh
shou
ruan
shaw
jnsson
sorana
catozzi
rabinovici
antonios
sismanis
deligiannakis
zou
chendong
paepcke
catriel
schuldt
beeri
flokstra
jacek
zorn
cook
nikolaos
sidiropoulos
hugh
darwen
cario
benzaken
harland
batistakis
patella
fung
yana
kadiyska
gryz
zuzarte
calisto
jarek
godfrey
ismailcem
dengi
halici
kilic
mancuhan
sterling
atluri
anupam
joo
franoise
venkata
asaf
botzer
yatzkarhaham
vianu
stuckey
luisa
schlageter
wilkes
fang
dang
benjelloun
ngoc
bryan
sivakumar
nimrod
megiddo
frederick
reiss
lle
chinya
fong
geppert
neal
cecilia
magdalena
triantafillou
badia
bhashyam
mohammad
helena
galhardas
weimin
vermeer
humborstad
brannon
karen
mahadevan
maedche
weiye
wilhite
keunjoo
kyun
kihong
mcilroy
gogate
bellosta
dujardin
amiel
mariejo
nandlal
ela
irving
hunt
sullivan
subieta
navarro
ricardo
gonzalo
kuno
dimitra
vista
gopalan
osmar
jenny
konopnicki
delobel
claude
zeng
linqi
tininini
leonardo
sagonas
swift
terrance
stirling
oscar
jaime
musick
unruh
shea
brice
ksiezyk
cichocki
nagavamsi
ponnekanti
stokes
bamford
klots
berzal
teiwei
silverstein
diane
georgios
evangelidis
mourad
kirby
melissa
wendy
boucelma
motomichi
toyama
verykios
marciano
kleewein
satish
leon
gultekin
zgr
peer
orenstein
mihael
ankerst
pozzi
allan
bressan
uma
chatziantoniou
damianos
paques
jeanine
koller
daphne
holger
pissinou
pick
peters
bergman
castelli
vittorio
apostol
natsev
hoppenbrouwers
maryann
martone
fishman
meo
rosa
clauen
khanna
tong
gerd
pellenkoft
kyle
spaccapietra
zadorozhny
ong
ani
thakar
kunszt
szalay
ordonez
avnur
kitagawa
sycara
katia
toivonen
mannila
hannu
heikki
terry
dao
atul
adya
melnik
prabhu
doole
swagerman
beverly
cingil
domingos
cranor
albrecht
loh
thanisch
michele
missikoff
shen
christof
kelly
josef
bell
jeanluc
eyal
ieong
basu
julie
lynch
zurek
himanshu
nardelli
saltor
zobel
moffat
rotem
doron
deloch
walt
ferreira
rezende
tony
chua
sindoni
baby
sathe
gayatri
pascal
khoa
palmon
entin
geva
shai
ramsak
jaedicke
patterson
williams
honguk
woo
tresch
palmer
eng
somani
yirong
cetin
ozkan
saygin
morrison
jong
mani
graham
haruhiko
kojima
nanopoulos
bunker
mckenna
kochut
krys
bradley
hoch
nita
meckler
fei
hacid
wenger
lawande
donko
myllymaki
bridge
loaiza
shatdal
zhuge
oria
amlie
liefke
jiebing
marti
neil
segoufin
rigaux
lesk
kao
jia
tanaka
matthes
ernest
teniente
hall
mcauliffe
consens
catherine
huan
dreyer
duri
ulrich
fecteau
kleinberg
jon
meltzer
zarka
cvetanovic
nyberg
timesten
jukic
vrbsky
nenad
ihab
ilyas
phatak
coupaye
collet
qin
grossman
munindar
tomlinson
berndtsson
hansson
jonker
willem
lobo
gorelik
koeller
tamraparni
dasu
suresh
zhiyuan
kennedy
oprencak
pizzo
toman
antoshenkov
ziauddin
gennady
crescenzi
valter
baumgartner
yileh
ito
neimat
tufte
kristin
fotouhi
grosky
hampapur
lang
yihong
wand
yair
stelios
wenke
nicola
hallmark
malaika
pound
artyom
shaposhnikov
rys
hammond
koperski
krzysztof
amsaleg
wiegand
barron
renato
fileto
jeanmarc
hauswirth
kalnis
wood
koubarakis
manolis
chapman
wiwatwattana
kweijay
huynh
madnick
bart
fabien
vincini
choo
schrader
orlowska
vries
arjen
lausen
chengkai
gerlhof
kimberly
ganesh
campbell
tomkins
aboulnaga
ashraf
dadam
pfeffer
sidell
carl
blohsfeld
petkovic
lars
shneiderman
norio
tajima
keishi
arasu
jianyong
riedel
yee
kuan
revesz
yixiu
ferran
wonner
yuhming
shyy
aksoy
demet
kazuhiko
mogi
wedekind
benny
sandeep
downing
gordon
blanken
kinglup
meyer
zicari
ferrandina
fabrizio
burgess
saltz
juhong
deokhwan
mao
man
jianchang
jianwen
ammann
indrakshi
herman
siong
eiter
golubchik
leana
callan
veltri
pierangelo
vodislav
aguilera
yanfeng
frdric
freiwald
yalamanchi
ramkumar
aravind
anhtuan
inseok
jagannath
souripriya
byung
angelo
kifer
kamel
anastasios
kementsietsidis
arenas
engel
pazzani
calvanese
asit
chungmin
defazio
hillyer
jef
wijsen
domenico
beneventano
mok
akmal
goel
piyush
issarny
embley
garth
peng
rimon
barr
dimitri
gingras
gehani
rada
chirkova
weiss
rainer
reynold
kutsche
leo
unrau
rie
fankhauser
sreenath
keller
leutenegger
melliyal
annamalai
ozsoyoglu
cheeyong
cari
rgen
244
bala
loch
rder
themistoklis
palpanas
convey
jianjun
hristidis
vagelis
ralph
suman
seshan
nath
alexandra
poulovassilis
stephan
freytag
yehoshua
yusuf
hansarno
fatma
cem
amihai
kothuri
adi
amy
letizia
tanca
lei
meikel
brahim
aya
soffer
kingip
moshe
gsli
ashwin
junki
mayank
bawa
kajal
ipeirotis
panagiotis
cong
shurug
torbjrnsen
jenspeter
taylor
andrea
flesca
sarda
jingren
kambayashi
yahiko
rajasekar
darrell
plexousakis
nabil
ouzzani
bussche
hanson
chaitanya
eamonn
keogh
datar
mayur
uwe
ulusoy
grefen
gurmeet
manku
julia
henrique
stocker
niki
yuanchi
conrad
davidson
vladimir
bright
bongki
bennet
anhai
vladislav
walter
shihui
ganesan
prasanna
hans
boon
sebastian
suel
enrico
walid
aref
wilhelm
yangsae
gadi
bayer
wayne
lehner
dengfeng
pacitti
ravada
siva
prashant
malkemus
kieling
sundaresan
nierman
radek
vingralek
eileen
sandeepan
german
shegalov
paparizos
pichler
yongjian
olivier
curt
ellmann
batory
ariav
quan
sonia
lieuwen
papadopoulos
shuyao
wilson
the
radu
lewis
kaladhar
voruganti
stan
len
239
fern
sel
hern
oise
ller
216
rnsen
torbj
ric
243
fer
gruser
jeanrobert
ouksel
carney
abadi
sivasankaran
chatterjee
fuh
jean
simonas
chakravarthy
jiong
zengping
songting
furtado
paula
ritsch
widmann
christophe
bobineau
kapitskaia
mukesh
small
aiken
theodoulidis
babis
finkelstein
kraiss
aristides
gionis
todd
ion
harinarayan
venky
becker
bjrn
jaewoo
giedrius
slivinskas
roman
bestavros
azer
heiko
tuttle
maurice
siegel
sungran
wesley
halkidi
breitbart
yuri
jacobsen
haifeng
latha
howard
colby
christodoulakis
wai
atsuyuki
morishima
ozcan
evrendilek
zhan
warren
yesha
yelena
motro
pereira
gilles
etzion
opher
tali
hernndez
xiaoyang
sapino
adali
tsongli
shapiro
wiesner
venkataraman
medjahed
bhaskaran
mingling
carsten
ding
murali
procopiuc
narang
omiecinski
ming
claypool
zezula
alkhalifa
rune
kwon
cha
donovan
baulier
cattell
cole
carlos
gruenwald
souza
hua
boualem
rafanelli
konstantinos
arturo
sin
unnikrishnan
fowler
bohrer
rashid
jrgen
macnaughton
davison
huyn
nam
lacroix
baru
quix
tsatalos
odysseas
yagoub
cobena
stphane
cochinwala
gail
munir
till
may
anna
chungsheng
psaila
peithner
date
moira
norrie
kosch
arjan
srinivasa
kemme
slutz
vinay
shin
umesh
maheshwari
gruber
liskov
lyman
rielau
vance
ilker
durusoy
shkapenyuk
burger
hughes
gting
justin
pradeep
chomicki
eran
cheung
fereidoon
amir
christopher
cabrera
medeiros
bauzer
binto
uemura
shunsuke
masatoshi
yoshikawa
sakurai
georgakopoulos
esther
critchlow
jordan
sha
donjerkovic
stella
gatziu
mignet
jamil
grumbach
englert
marathe
arunprasad
mariano
mitchell
knorr
shahabi
cyrus
hill
mirek
riedewald
sevcik
vassiliadis
mayr
xiao
jorge
sciore
yin
hubert
tork
sim
teck
jain
gillmann
jagannathan
gary
harry
naphtali
rishe
xiong
gad
kline
grandi
marcelo
yuqing
bergamaschi
steinbrunn
brinkhoff
koschel
arne
kramer
krishnan
papadimitriou
henk
weiyi
pal
pang
sam
ulrike
doherty
chuck
lynn
swami
pourabbas
elaheh
lopez
scher
lud
ren
fran
248
mendon
aris
phil
nesime
ying
rajendran
aidong
yingwei
jrg
norbert
haixun
manuel
diao
yanlei
klein
andr
tannen
jay
johann
mcleod
kamyiu
raghav
kang
lenzerini
bhlen
cohen
wynne
budak
kanth
guha
sudipto
gunter
bozkaya
nathan
witkowski
sheng
doug
moore
amann
jones
elizabeth
bayardo
boris
balakrishna
oded
scheuermann
manegold
tiziana
benatallah
vipul
kuo
goyal
ludscher
shalom
westmann
sanjeev
wangpin
hsiung
ilsoo
ahn
pamela
chamberlin
colin
aoying
stratis
lockemann
margaret
ilyeol
markl
rudolf
waichee
scholl
larry
liang
juan
vassiliou
prakash
ben
sirish
christine
brodie
koch
dave
leslie
christophides
freire
bach
torben
gottfried
padmanabhan
hlen
241
sar
ois
zhaohui
tatbul
shafer
griffin
pierangela
samarati
ferrari
weidong
tran
pitoura
evaggelia
braumandl
sharma
theo
muntz
shahram
ghandeharizadeh
weld
olga
murphy
popa
lucian
knoblock
greg
denis
alistair
hung
shum
baralis
mongli
suryanarayana
sripada
bhargava
nodine
anderson
ciaccia
stavros
gang
nural
koksal
franois
khaled
waas
kaizhong
weber
omar
risch
tore
shivnath
babu
cooper
bussler
waqar
jin
neuhold
bratsberg
svein
sveinolaf
hvasshovd
shmueli
catarci
santucci
ngu
nguyen
tok
woelk
silvana
kabra
navin
mohamed
goldstein
amarnath
schiefer
babcock
goble
carole
solomon
marvin
breunig
rajagopalan
chong
tsur
konrad
muth
kotz
angelika
euthimios
yao
urhan
bettina
chaudhri
fred
son
drew
ibrahim
stolfo
salvatore
michel
wenfei
anant
jhingran
viglas
torsten
hasselbring
hwang
ada
sadri
marcel
kornacker
meersman
hirata
yoshinori
kyoji
ivan
shamkant
navathe
ramasamy
karthikeyan
yue
bhavani
thuraisingham
brodsky
susanne
mylopoulos
veda
storey
shankar
dey
debabrata
gibson
won
roddick
nascimento
wimmers
von
yunyue
joel
shutt
papazoglou
sch
corporate
197
223
etintemel
manish
steve
chien
bettini
bin
widmayer
baumann
ning
klas
rachel
pottinger
mahesh
ganguly
kamalakar
venkatesh
ganti
buchmann
anne
barga
bharat
sena
fabret
sanjay
victor
hinneburg
athman
hian
ravishankar
guozhu
roberto
abdelsalam
erich
hsiao
huii
sergio
malcolm
bhm
paton
kashyap
isabel
imielinski
klemens
jack
ram
thorsten
tobias
mitschang
lawrence
csar
guo
madhavan
indyk
piotr
yuan
zheng
sailesh
berthold
reinwald
luca
chrysanthis
volker
claudia
hara
arthur
banerjee
shu
nori
chandrasekaran
cliff
sahuguet
arnaud
per
juliana
pedersen
meng
vossen
ken
hansj
ugur
mehta
bercken
perke
dutta
tatarinov
roantree
roland
steffen
achim
alin
val
josifovski
vanja
karlapalem
kurt
pinar
felipe
zaharioudakis
markos
kotagiri
zsoyoglu
dom
seidl
jrme
bernd
bouguettaya
tirthankar
lahiri
hjaltason
agarwal
subbu
seluk
prasan
helal
ystein
bonifati
angela
narayan
white
mingsyan
matthew
ting
ray
rusinkiewicz
fernando
brin
adam
castano
cruz
clifford
chu
sven
jeusfeld
mehul
theodoridis
lim
roth
yasushi
doan
salem
nancy
dean
kyuyoung
king
mchugh
litwin
witold
yerneni
ramana
terence
beyer
adelberg
edwin
mike
barclay
sriram
wee
gautam
lorentzos
jacobs
tokuyama
takeshi
fukuda
sunil
ndez
cochrane
roberta
pavel
dieter
reinhard
jochen
sander
banu
zden
igor
amol
hsu
deutsch
marc
sumit
mamoulis
kulkarni
clifton
alejandro
ramamohanarao
rene
fagin
mauricio
meral
byron
gao
sean
tim
ashok
dirk
park
limsoon
boncz
pedro
junghoo
blott
helmer
harald
giansalvatore
svetlozar
whang
shenoy
dallan
pernici
shaul
shinichi
tom
gal
avigdor
gottlob
don
avi
yasuhiko
gardarin
georges
vazirgiannis
labio
wilburt
fegaras
ramez
elmasri
song
steven
debra
vandermeer
rafael
chee
yeung
vijay
qing
ramesh
berchtold
wolf
marian
ambuj
masaru
kitsuregawa
vijayshankar
arvind
blakeley
antonio
team
kiernan
manolopoulos
seth
atkinson
chiang
tomasz
marek
chawathe
vincent
buttler
madden
panagos
moon
merialdo
mecca
nestorov
goldman
quass
dar
soo
morishita
anil
vassalos
morimoto
hull
claudio
mendona
michalis
ives
zachary
pucheral
lam
bonnet
hansjrg
benjamin
sihem
maier
zhu
llirbat
clement
fraternali
wiederhold
gio
gregory
manfred
oliver
jiang
shukla
leung
bruno
leonidas
helen
bouganim
krishna
gunopulos
rajaraman
salzberg
betty
ameryahia
arpinar
piero
rao
chinwan
jing
apers
staudt
vitter
sang
sergey
tomasic
charles
feng
jens
oconnell
olston
atzeni
chun
tak
wiener
vasilis
zaniolo
seligman
tsotras
nicolas
tang
chenchuan
cui
hammer
elena
xin
altinel
norman
maurizio
gustavo
sun
jignesh
min
oneil
manolescu
casati
anthony
amr
raschid
louiqa
zhao
shan
mingchien
schmidt
georg
alex
jeff
timothy
qiong
biliris
tian
mehmet
schwarz
werner
jonathan
goh
marco
florian
srikant
tolga
ahmed
raman
dong
shekita
iyer
leonard
arun
rahm
erhard
sistla
galindolegaria
abbadi
fan
swarup
segev
anastassia
ailamaki
janet
das
laurent
sharad
mehrotra
brad
matias
yossi
amolina
ctor
samet
hanan
erik
elisa
bertram
srinivasan
bohannon
libkin
elmagarmid
klaus
candan
wong
ouri
lohman
samuel
susan
carlo
hong
mitch
bertino
anindya
alan
luc
xiaolei
mumick
yong
yufei
cho
shah
leonid
shanmugasundaram
jayavel
hasan
barbar
ron
wolfson
acharya
arie
garc
cherniack
timos
den
soumen
wensyan
labrinidis
buneman
aggarwal
charu
subramanian
shivakumar
paraboschi
krishnamurthy
hartmut
vassilis
231
sellis
larson
datta
elke
chung
dimitrios
craig
ashish
mendelzon
tao
flip
korn
ravi
patel
rosenthal
arnon
pei
brown
ioana
schneider
jarke
calton
lindsay
barbara
ramaswamy
214
fernandez
stephen
graefe
goetz
qian
johnson
theodore
jos
huang
kersten
asuman
joshi
ronald
narasayya
vivek
cheng
prabhakar
panos
muthukrishnan
dyreson
rundensteiner
frank
sushil
jajodia
raghavan
haritsa
dogac
dittrich
jerry
giuseppe
228
nelson
luo
seeger
valduriez
jason
korth
kotidis
schek
jan
guy
eugene
papakonstantinou
curtis
umeshwar
mario
inderpal
roy
alonso
nikos
jian
subrahmanian
kim
markus
fabio
keim
praveen
mattos
sophie
divyakant
smith
marianne
viswanath
poosala
yan
tova
cluet
milo
hongjun
eisenberg
anand
sarawagi
sunita
henry
miron
matthias
winslett
joachim
maria
dayal
deshpande
sridhar
ralf
225
livny
gehrke
prasad
zdonik
kevin
zhou
kaushik
halevy
narayanan
kumar
motwani
laura
gibbons
chan
roger
paolo
miller
237
melton
sheth
koudas
chakrabarti
ullman
christoph
guido
moerkotte
stanley
mary
george
wolfgang
papadias
johannes
lin
ceri
zsu
scott
hamid
pirahesh
gravano
kyuseok
andreas
philippe
mohan
252
jun
alberto
gray
chin
ooi
beng
tamer
shim
levy
alexandros
phillip
jayant
simon
aberer
alfons
van
abraham
stonebraker
luis
yang
kianlee
karl
brian
bernstein
roussopoulos
singh
gupta
lomet
stefan
edward
krithi
kemper
kriegel
william
bruce
ramamritham
chang
dimitris
chris
weikum
jensen
hanspeter
raymond
silberschatz
wei
minos
eric
florescu
raghu
garofalakis
haas
stefano
rakesh
shasha
james
paul
kossmann
alexander
daniela
abiteboul
amit
jiawei
bernhard
ioannidis
patrick
sudarshan
gerhard
laks
robert
ling
faloutsos
tan
lakshmanan
dewitt
serge
seshadri
suciu
dennis
rastogi
mark
andrew
christos
liu
carey
donald
246
divesh
jagadish
alon
hellerstein
lee
ross
han
jennifer
ramakrishnan
naughton
zhang
widom
jim
srivastava
snodgrass
chaudhuri
surajit
joseph
franklin
dan
martin
daniel
233
agrawal
nick
christian
kenneth
rajeev
philip
hector
garciamolina
john
chen
wang
thomas
jeffrey
richard
yannis
peter
david
michael
