"0 ~ 1, 1 ~ 0, grouppatterns,groups, attroccur"
demarkus
uzeb
damli
aaberge
wellwater
puppy
bubble
bkone
lyrics
peebles
leidvin
takle
mons
younger
coconuts
creole
stefon
dietrich
trashlight
travelers
zakopower
gregsonwilliams
blitzen
trapper
filarmnica
gil
diablo
fatback
reload
hendrik
meurkens
interstate
downset
chichos
mullins
kleenex
asia
torch
unearth
kuban
hassan
totimoshi
jigsaw
dope
coattail
dykeenies
liah
loner
mica
miguel
aceves
mejia
mcgees
clyne
sense
gonalves
eamon
nuo
passion
wunderlich
fritz
annett
louisan
mariano
yanani
decal
summers
janek
schaefer
waylon
garfunkel
christina
rosenvinge
beta
ness
viljanen
elias
tanzmann
matthias
grits
merle
aurlien
aelian
pattern
cochois
greenhornes
emitt
rhodes
azules
delafe
amil
boubacar
traor
groves
widow
concord
rum
buttered
hladno
pivo
mtley
cre
burnette
dorsey
devics
pandilla
caponee
blige
soulful
second
coming
cicada
bigga
otep
jacynthe
tacvba
frbelin
palikat
coldplay
pakatak
prix
cassandra
amulet
nixon
mojo
culture
minutos
gob
bravehearts
thile
deltones
porter
wagoner
hardrox
bells
wir
sind
helden
korridorer
magtens
jurez
arriba
leaf
5thelement
yoshii
pileup
renbourn
vallejo
emf
arkenstone
pee
crayton
behemoth
names
phillipine
bayanihan
steps
door
larval
otto
natalino
effect
doppler
orishas
tapia
ramon
ohia
songs
dolce
tur
railer
truckers
mother
rappin
4tay
drunk
stuntmen
suzi
mothboy
wiley
hughes
gee
rotation
rivera
jump
skies
nostalgia
lorenzo
kci
jojo
kvazar
megapuss
imre
jzsa
roadside
monument
charly
garca
anja
ugress
streetwize
timo
risnen
anders
gabriela
kotaro
oshio
chua
tanya
sagoth
bal
altern
marky
ital
cusco
sorcery
augustana
visions
eighteen
cliffhanger
shai
hulud
walz
crayz
passport
keys
alicia
tunstall
coctails
costello
elastic
drivers
thackery
glisten
marygold
athas
ricardo
aguirre
kiprich
kayah
cecil
soulwax
dalmata
mikael
stavstrand
cinelli
franco
spike
quamallah
hakan
lidbo
secondsmile
canned
zpu
clive
thea
gilmore
fergie
soulja
tell
booka
shade
pueblo
antoine
bullock
camel
backyardigans
osvaldo
pugliese
fleshies
daweh
congo
rattles
manuelle
square
bronze
brats
trash
honeybears
dylan
barocco
oppressed
merritt
tift
lmno
lepers
bellgrave
stee
sofia
talvik
driller
shirrows
tito
sahady
maurcio
teeyah
holger
hiller
bynum
sextet
bonjour
brumaire
seuil
invasora
estudiantina
d12
bluetones
rumble
strips
muir
johann
ordinary
nevermore
hawaii
lavigne
avril
channing
lola
beltrn
ours
cripple
lofton
astrovamps
amrica
binomio
oro
cocteau
beaupain
detroit7
above
1979
sula
devonte
alecs
iracundos
biscuits
camilo
sesto
ladies
frevert
1000names
godzplay
toxik
kommando
mustasch
mory
luna
locos
nuez
estela
danielson
tremor
burrell
another
raven
fernandez
orlando
retardobot
helge
diego
ferrat
threshold
jellyfish
armada
brendon
moeller
herb
eimerman
mulligan
shizuo
aguilar
ffh
shocker
silkk
mystkal
past
loose
wainwright
loudon
900
eyedea
abilities
franke
mdo
sarantis
dixie
dregs
alina
hardin
hedges
booze
wilkes
sinizter
cathedral
harlots
creek
goose
blyth
unwound
heldon
albero
francs
sinfnica
cofrade
shah
herbaliser
elegants
took
dodgy
xraided
reese
gangsta
cdubb
vandross
orchard
bone
quantic
para
macaco
nacha
xpress
vomito
negro
mcentire
reba
stokes
pres
leama
grafiti
frans
bauer
logistics
zeena
parkins
musselwhite
klartext
kaisa
korhonen
diaz
diomedes
gloomy
grim
sabrina
malheiros
viktoria
tolstoy
holm
gritton
shuuk
440
apollo
hatesphere
jocque
hirollers
sportsguitar
voltaire
money
kanye
zeltinger
santiago
classified
despised
icon
520
philmont
u96
clinch
tomas
gyra
spyro
normand
corbeil
land
found
farlowe
tripwire
colionne
menese
stick
ramblers
timewriter
tarmac
rita
chiarelli
impact
parklike
setting
dassaut
sexion
gaines
basinski
promoe
rossdale
doormouse
alaine
fruvous
moxy
riger
malos
vicios
ivor
bolton
edhels
brighteye
brison
busy
epidemic
sweethearts
tacuba
bryne
volz
lotus
sidonie
chappell
nolan
marini
deportees
sido
sexy
sushi
jodeci
ferd
omega
yuko
kanzaki
farcik
sudden
nikki
veirs
saltbreakers
psi
vojaci
headcrash
frida
dena
derose
cocker
okkervil
alvia
haq
abrar
apsci
queers
lockwood
didier
totta
nslund
tac
tic
moose
bull
macklin
jasper
mariah
carey
gorod
breaking
wood
bahia
salom
undisputed
carrey
beanflipper
dynamite
arabs
tait
maximum
volume
tessie
aloes
hermano
contreras
siniestro
tri
skoud
epsilon
revolver
meira
krcher
oates
oran
juice
ledisi
spedding
lorchestra
cinematique
vengaboys
kalkofe
herbolzheimer
combination
paez
fito
souci
sans
odds
jacek
sienkiewicz
sloppy
meateaters
duhks
krime
calvin
houshan
issam
otway
billo
caracas
soleil
cirque
wailing
swayzak
senge
locklin
isis
sieges
lorin
maazel
pittsburgh
fulson
lowell
bobcats
bonobo
wooden
antonija
sola
musette
lafave
varit
elwoodin
hiljaiset
wailer
carthy
cannibals
exillon
lillies
richmond
aventura
moorhouse
cheng
erroll
shank
kendra
longhair
rez
mavericks
oath
das
race
sav
killz
fives
swinging
jeans
cody
milieu
sundstrm
stefan
masters
singing
pollos
dinamita
curse
floetry
bled
glover
corp
lung
theodore
unit
abdel
mubarak
aziz
alexia
birli
lagrne
kalessin
keep
iceberg
perez
macrae
klee
turquino
septeto
gutless
giglio
oxa
anna
microstern
fort
styles
minor
sahir
kadim
synthesist
until
felion
beautiful
our
butterflies
telepathic
sal
phoenix
staples
krispie
oso
dunkley
errol
pokey
israel
grushecky
humes
thunderball
pound
aromabar
dubliners
benton
brook
durand
klimperei
prevost
codie
ratos
porao
raul
mezcolanza
currington
aglukark
jackalopes
toto
delly
biskits
hardcore
gran
coquivacoa
martha
vandellas
testbild
tanita
tikaram
mauracher
gillum
burns
robins
poor
swingin
utters
belows
dolphin
attraction
lakes
vale
title
tracks
mara
elena
markus
tyr
nnenna
freelon
intruders
palm
melodicos
stump
romain
humeau
nokie
nurzery
nice
lars
torture
wray
lima
marina
lea
movezlang
honkytonk
homeslice
antinowhere
bersani
samuele
lauryn
nahawa
doumbia
upside
heltah
skeltah
glenda
arabesque
creed
nemesis
gaslamp
anibal
troilo
bugnon
digger
shurikan
zgr
forbid
research
barbed
pinback
saatan
madame
martini
tides
fixmermccarthy
fraser
norma
richter
garnet
aes
subzonic
tangerine
stompbox
kanza
lokua
anguilla
solheim
murat
disrupt
moto
fedayi
pacha
tomic
army
jrvi
gothenburg
solitarios
stevenson
dani
flanders
squirrels
lenorman
gerard
stafford
kites
deathray
poco
chandra
araiza
dschinghis
tussle
shrigley
ape
lunceford
sunrise
jupiter
mongo
santamaria
khaled
locust
solistiyhtye
suomi
bzu
sioux
mariee
lemonade
contrariar
pra
telefunka
accomplice
she
fryars
bongo
sexpress
arrow
fishbone
hertz
xcerts
krosfyah
java
skala
bim
nachtmahr
duchy
tympany
silvertones
quo
status
goodall
medwyn
fathead
mokoma
damnations
mellokings
daf
calix
crematorium
dils
voice
beehive
schumacher
haircut
rosenberg
lam
mortification
syleena
members
condition
mint
robbins
iggy
xentrix
muggs
dunity
lavoine
keim
bloomfield
rippers
flobots
kerkko
koskinen
halliwell
piccolo
jenny
grudzien
rupert
hine
tricarico
tarantolati
infantino
tricky
natural
flora
purim
brahim
lynne
calling
dot
rotten
jacob
odyssey
polaroid
mae
mortem
dungeon
canadian
sondheim
shams
baglietto
malpolis
strategy
exit
vandermark
showaddywaddy
yoda
basil
poledouris
handful
roxx
7th
hurricanes
hoffs
susanna
sigmatropic
vergarabat
bersuit
bulls
emil
oneil
shoreline
reddy
jarvi
beowlf
mopz
robotnick
franois
jacqueline
pioneers
voo
kaleidoskop
get
guinozzi
tankard
oxygenfad
mclaughlin
not
cocorosie
edwall
dreamside
kamp
skwatta
celelalte
cuvinte
eniac
gogh
projectile
fltskog
agnetha
kalle
brandtson
aztecs
thorpe
sunshine
whigs
afghan
sator
viikate
nita
whitaker
kef
cochi
wanessa
dials
bag
hades
ready
made
pistil
sticky
souza
colossal
fundo
quintal
lugo
aout
4him
fong
moltheni
picture
library
northern
victims
nadia
bay
rollers
xela
killing
skull
viking
pohjola
pekka
najee
bengtzing
trace
deniz
koyu
pipedown
erika
loon
ana
caas
martinez
mrio
evergreen
seventeen
dax
duath
ephel
mithotyn
president
metamatics
network
vaughan
blacktop
kitaro
semisonic
gaga
hathaway
largo
krauss
alison
seatrain
artanker
convoy
emmerson
nogueira
rubn
lynott
plastiscines
boomers
surgery
hearts
unsacred
krapula
thing
anathallo
silvana
luciano
incognito
bambi
hampton
callaway
mcfly
mop
jermaine
brat
dupri
portico
bip
untamed
akebulan
blingh
pattie
steur
hodgson
arika
sheppards
vercilo
gotti
ulver
lole
sabotawj
jamelia
gonga
yellowman
mersey
conducted
dsisive
godfather
tyrone
monoceros
vinyl
addicts
futureheads
duvelduvel
pigface
crossing
staggered
terje
mcglashan
stereographic
sanchez
axis
conversation
iwan
envotion
auffenberg
mikkola
freak
generators
joutsela
humppaveikot
teijo
hugh
glory
dominoes
hinds
mcgregor
kimbrough
trock
starecase
mangan
assault
aggravated
msphere
blk
sirou
reso
denyo
kriminale
klasse
farish
gerty
horvilleur
emmanuel
colau
tstewart
schooly
dynas
rag
scat
boosters
garons
control
poison
treacherous
kovenant
westernhagen
wea
shangrila
mancini
maino
rey
ruiz
machinae
supremacy
unicorns
sword
quails
velour
quinn
sinead
negros
gatos
violado
quinteto
vader
turban
alain
delaney
piotta
itals
elfman
raine
maida
doulce
mmoire
morbid
alo
montefiori
dolly
rocker
knox
maids
pausini
ylintu
lagartija
refused
reddick
turibio
wodi
inbreds
konstantion
thornhill
xperience
sambassadeur
combo
bjrn
eidsvg
manterola
patricia
masoncox
mercier
descloux
ismo
alanko
mavado
sumlin
hoax
sakin
hoenig
vlads
ver
vomit
vicki
ambitious
vinton
pentagram
conjunto
primavera
tropical
brazilian
massiv
mensch
factor
jdiggs
myaz
benjy
bovell
ozzy
shore
merry
macs
interlope
outkast
hell
disciple
arcadia
4hero
worms
arrogant
udi
clientele
dorelli
hacksaw
hawk
dente
ohm
evenson
5uu
vampires
horns
bronx
bare
diesel
shed
scan
marcelo
radulovich
profit
feldman
abercrombie
joey
sainte
catherines
delight
garden
cephalic
carnage
dragonland
poo
formation
gjengen
olav
nilsen
pappo
alchemy
acoustic
mclachlan
miami
bozulich
headman
why
nikola
texier
arnaud
vespestad
harald
gustavsen
tord
jarle
threats
but
kyser
hussein
chano
lobato
kojak
dahlberg
tosca
stryder
tinchy
kee
tunebazz
kalkbrenner
strange
galiano
galy
bosca
banks
bohn
carsten
badly
drawn
sioen
rocket
scientists
headlights
collection
andra
darnell
hassle
fireworks
fresh
mannie
tania
hovatta
vuokko
frances
impulsonic
tha
funkee
homosapien
rundek
darko
pyranja
buty
rain
pam
tillis
abraham
discovery
murcof
benmb
narsilion
middleton
malcolm
fantastischen
vier
danuel
gonzalo
thornton
kris
clipse
majors
souk
criminals
aurlus
mabl
kaliber
jorn
deviants
gas
huffer
aeoliah
scooby
cex
aloha
rapsusklei
expatriate
renaud
strait
delinquent
habits
toyah
sondaschule
2much
nesby
vth
hadar
toasters
matancera
cruz
celia
hours
eats
north
limn
arrolladora
camacho
gravy
greasy
wolfman
paik
newislands
naidoo
xavier
asheru
heard
unspoken
alkaline
muff
featsircharles
sane
velsquez
orbison
bacalov
florian
meindl
abshire
ariel
messengers
blakey
donegan
krutch
neotropic
aphrodesia
joelho
porco
infinity
popol
vuh
dougie
trae
jayton
kassav
tribute
linnet
anat
banshee
aircrew
necronomicon
airiel
bazooka
dwellers
camperos
nati
honeyrider
sextette
skitzo
eleven
zuzana
smatanova
liliput
ute
lemper
wonderwall
monteiro
tiersen
yann
caddies
tango
brain
analogue
horner
ride
farnham
dayjob
quit
brigitte
bardot
kaiser
hogwash
community
amp
2020
you
dillards
horn
tack
slut
mindinabox
kyf
lerche
sondre
dichosos
kern
cinematic
winds
basin
biscuit
stones
lain
wookie
terri
lefties
frogman
mongoloids
battle
uphill
howarth
carpenter
gamins
folie
metallica
umiliani
nicky
jaga
jazzist
starshooter
crofts
seals
surface
asphalt
jungle
baird
hocico
mumakil
ojo
patita
perro
plastix
xploding
kob
derb
negrete
mdc
gultskra
artikler
newcomb
jud
maajka
edo
romano
distorsin
josu
aubert
hollister
tubb
ernest
gauge
twelve
giulini
alvaelisabeth
taddeiphilharmonia
orchestracarlo
schwarzkopfdame
sutherlandgiuseppe
banaroo
ruff
sutherland
rydell
pit
joke
bananarama
vitorino
stp
lodge
baloche
idibia
2face
antimatter
bengal
mccaslin
con
dolore
dominique
dalcan
rayborn
menescal
sendling
harras
howe
wakeman
dorough
poveri
ricchi
pino
donaggio
catupecu
machu
midas
hipbone
knee
tremblers
lymie
awol
zimmers
bauhaus
hunnigale
kaur
japjit
niraj
chag
sass
araujo
cardall
zumjay
rosselson
regulations
polla
kozelek
formerly
snaith
caribou
manitoba
casals
donut
hamlet
rumskib
dickie
carpathian
raekwon
chdid
marcia
griffiths
ruggs
warrior
varela
jeezy
jadakiss
niko
schwind
stand
utcai
fik
blunstone
colin
faunts
herrmann
postmarks
pint
collett
cities
andrews
haven
gerber
cornell
deana
important
meeting
wout
duties
simm
taberna
pook
jocelyn
edvin
marton
heaney
lfo
dxj
disciplinarians
sareem
candoso
patrcia
benjamin
ferris
rippingtons
chrome
dri
delfonics
scout
niblett
fab
mistah
pinchers
overnite
knickerbockers
lanza
foster
josephine
fold
fyodorov
dmitry
trust
hacken
spoons
suppression
jmpz
preachers
manic
rhymefest
monroe
headcoats
andrs
schiff
bandit
yluko
digitalism
youthful
hairston
praise
blu
nora
chen
union
ekseption
rule
dmx
standstill
muck
mires
rsd
bunkers
gonzlez
stuck
carpets
inspiral
soraya
hollywood
bjrk
terrorizer
citizens
fiery
furnaces
dickinson
bosse
laila
monte
songcatchers
ranger
azul
amar
spex
rossi
vasco
cantor
formby
gift
apartment
clawfinger
macpherson
lackluster
pitre
austin
galas
diamanda
carboni
neri
caso
lacy
friendship
worldinferno
restarts
hutchison
juggler
market
dangerous
chaka
demus
pliers
clash
breathing
blossom
dearie
melisa
loeb
guests
messy
trask
cura
circular
bellavista
parliament
caillat
colbie
magazin
daou
jahcoozi
pos
alf
fixx
samy
crucial
revolutionary
schweisser
nainen
kolmas
maj
englishby
mouse
jemini
cooler
kraftwelt
mischief
dar
tal
exodus
sportsday
megaphone
bop
kidz
irvine
antlitz
ins
zentriert
evelyne
dubourg
distant
rozalla
monkees
parlane
edwardsnathan
williamskristle
sabella
laneernie
dworskyjoseph
magoo
timbaland
vasquez
scroobius
pip
sac
norah
dygas
thief
pineapple
rockefeller
nios
mutantes
convenience
sprinkle
zombina
skeletones
yours
optiganally
coco
montoya
tamar
giladi
maal
baaba
qpe
amplifier
fascination
gaudio
avett
vip
manchester
ogc
schillings
lger
alasdair
veronica
maggio
dieguito
cigala
stravinsky
igor
ferlin
husky
armiger
caminantes
cleveland
glashaus
nasa
dunes
amen
popoff
tuesday
garrison
scally
silicon
mr76ix
kolombo
sierrasam
rastafari
revelation
mystic
vanberg
henriksen
elling
arve
limbonic
lalcko
cop
taino
reincidentes
lionheart
fausto
papetti
manilow
dragonaires
haack
chinese
doy
nzso
estampie
mutabor
ural
diktators
dama
pabn
samaha
carole
mindi
abair
foley
dannen
funny
elliott
conway
twitty
sticks
necromantia
creamy
bombs
junkyard
granfaloon
unsraw
mungo
sonya
kitchell
dozen
kapaikos
aka
kapajkos
incantation
johns
fallen
agoria
hees
curtiss
elektricity
cozies
snider
thunder
express
filewile
hangnail
devotion
freda
damour
france
boeijen
cultured
agua
rata
blanca
sumo
remus
ekdahl
audioscape
ltrimm
tiller
folly
pubahs
kilo
ghetto
excel
fuera
sendos
word
solution
coralie
clment
yellow
micro
abe
duque
tammi
terrell
copilot
global
threat
staatstheaterchor
beger
hamid
steamy
dumplings
transport
bon
cate
meola
root
concept
syl
makes
chenoa
keny
dolphy
chilites
mimi
nico
detectives
pigeon
gasoline
nadler
marissa
donna
congress
futurologischer
sexton
salem
irwin
goodman
scaramanga
painkiller
romao
machos
squallor
snatchers
silvestre
flor
shambala
mcnally
gwyneth
botwnnog
rhos
glyn
cowbois
rachel
aspect
yamboo
prime
sims
mount
tyket
unlimited
liggins
ganggajang
lambchop
eon
farhad
jin
choi
aznavour
augusto
bassotti
car
drill
doa
garage
torme
flyleaf
organic
elmore
antunes
arnaldo
jfa
gamblers
compulsive
fairfield
silvestri
organisms
infectious
targets
moving
fetti
zomby
fontane
cure
nose
element
yardbirds
chanel
hands
sad
shabba
cocoa
telemann
painted
jaramillo
gruf
mules
neck
wrinkle
dulce
liquido
mansun
lipscomb
mance
relax
dulfer
onra
pmmp
stellastarr
jaki
vampire
weekend
zera
coffee
brunes
bitchin
donorio
angelo
fanmail
foxy
quatermass
ernesto
skiantos
pogues
hypo
breaks
orchids
linde
duchin
arkadi
sixtoo
paid
mccarron
rosey
cortinas
krmer
ars
nova
musicians
gypsy
greek
standard
earring
yipyip
subversin
kero
amanti
rovine
shit
shine
britt
berte
loredana
autistes
poissons
fabio
strangled
bastards
donato
poveda
mc5
edguy
egan
santana
servotron
lemon
christine
fellows
pronsoda
shavers
selfmindead
toshack
diskoteka
avariya
mufflon
mangione
ateens
orquestra
sublime
tiempo
jowell
kingshkan
hellstrm
bley
haden
motian
safan
test
mac
mall
andersson
piloto
giraldo
klmax
ucast
propain
atheist
leafblade
kylie
minogue
damage
larcange
silicone
leandro
leonardo
kerstrm
dogo
realm
suffering
thieves
hideous
crash
tones
terrestrial
bescenta
sapo
juca
chaves
gilley
mickey
kauffelt
hazard
thierry
ibrahim
engkilde
expertos
solynieve
nightwish
dyablo
dummaste
georges
hairy
vert
butter
bowling
soup
cooking
cannibal
crayola
ninas
squires
afterlife
holloway
drudi
gianni
leigh
trilok
gurtu
job
gettel
paperboys
bullets
firing
bourbon
princess
neneh
cirkus
octopus
starsplash
chaquico
bnabar
farge
sin
lucro
animo
holcomb
bulgarian
bernhard
brink
orbital
daily
hangedup
lachey
techniques
glamma
australia
kuntz
recliner
consequence
kierra
chisholm
countach
stefani
cadence
gza
weapon
kah
valeria
kells
alkemyst
modugno
domenico
silvia
salemi
forever
form
barbecue
apache
indian
popes
tremendos
gavilanes
antlers
stardust
autry
pinafores
sightings
automatica
jackets
percussion
schreiner
mormon
tabernacle
condie
mcdowell
trower
loveys
trevor
bree
barley
fussible
bostich
gaskill
phantoms
tiki
marmaduke
corporate
donnas
firehose
syna
chorusdocumentary
recordings
harbor
rotane
celvin
toad
condemned
paquita
entry
token
hum
atahualpa
yupanqui
wiggins
scintilla
fotre
feste
tranzlator
fugees
freestyle
wan
neva
dinova
jamba
scissors
idlewild
muequitos
matanzas
rust
iona
sus
hermanos
yumuri
vandals
yeah
yeahs
orchestraphilharmonia
chorusotto
ackermann
goapele
download
cugini
campagna
difuntos
correa
contrast
pulling
dartz
cal
tjader
lambe
jeanie
ptits
yeux
trenching
mccarthy
pinto
ruckus
roboticus
damned
peps
blodsband
carnival
driver
grnemeyer
julia
fordham
eastern
kelley
akoustic
punk
prophets
jimmie
vemag
manners
abel
markanthony
index
clelia
knights
inland
scarve
travessos
saliva
gerrard
pieter
bourke
brody
militia
jerzey
channels
ashes
pompeii
omen
bummer
millinder
int
padilla
morricone
ennio
takes
satan
blur
scorn
vice
hills
have
consortium
astralasia
squeeze
chelonis
ttr
deco
socorro
lucinda
biram
venice
2220s
kent
rolfe
rookie
caetano
veloso
link
lacuna
lipatti
frayser
ngresses
vertes
kieran
goss
conspiracy
elektriks
meaghan
verlaine
keating
ronan
cressida
psyche
carrillo
shefali
teresa
edition
halestorm
marlene
bbe
blink182
gentrys
chapter
milkman
sl2
cadillac
jmoney
crudup
mastiksoul
nebula
spencer
guillot
olga
decry
karajan
von
moguai
hitmakers
canvas
blindside
sinclar
specials
kmc
dhany
ratt
bernasconi
rocky
carrasco
birbiglia
bravo
weston
minh
birkin
owsley
health
pfr
pretend
leader
lidell
youth
connor
moony
clouds
walls
jericho
kohrs
highwaymen
nilsson
azahara
medina
places
faber
rasmus
clyde
mcphatter
delirium
tremens
pastorius
jaco
hush
south
housetrap
confederate
fricke
janie
solomun
stimming
darling
ligabue
bombshell
corea
cor
veleno
ormandy
mutemath
seagulls
flock
sort
esoterica
twelfth
suk
fry
beauty
hutton
sammi
devant
serge
doble
paso
newcleus
juliet
huffamoose
coe
ultrabeat
berget
fotomaker
tesla
timberlake
marcos
valle
mozart
blech
use
name
lulu
hamelin
marcandr
letter
las
savoy
stefanie
jascha
heifetz
wordsworth
capone
cab
simply
waybacks
present
autokratz
debauchery
business
banton
pato
clowns
romanowski
nze
reach
ayler
ramson
brew
manifesto
streetlight
reflex
dflame
smut
peddlers
boss
skaggs
chieftains
number
tako
natlife
prong
horrorpops
lasit
karjalainen
mustat
almeida
laurindo
bing
elva
eisregen
vangelis
dinning
sntesis
milemarker
lurrie
pickups
silversun
bodyrox
loveless
pierce
marilyn
scofield
travers
louie
nicolay
myriam
hernndez
mable
nas
puba
hibbler
goldkette
twinkle
snowgoons
rucker
danity
staind
monster
movie
mizz
dizzy
dale
beatz
swizz
chemist
cut
straylight
dougher
lavkastor
noelia
morten
harket
mariachi
carroll
tarriers
catatonia
painbastard
fingers
4ft
majestic
calvertron
xchange
waller
smitty
manzanero
jars
alonzi
dorau
juvenile
scrappy
funki
porcini
malvina
mundi
teenage
riot
wee
stutterfly
noise
hillman
plantlife
automator
roma
virtuosi
tonepushers
demon
mccain
guardian
monro
mahogany
drusky
jem
giovanni
pergolesi
battista
nyro
calle
nitty
gritty
judgment
noir
poulenc
aimee
gessle
supersuckers
gaelle
lazee
neverstore
thrillseekers
brainpower
her
semprini
packway
handle
simpson
perkov
harmonics
schneider
clue
player
velvelettes
youssoupha
johanna
climax
amalgamation
bastard
hoge
dept
primary
alphawezen
manoeuvres
orchestral
matchbox
twenty
logic
building
429
twins
crosse
fardon
beyonce
atkins
criteria
bambaataa
afrika
sonic
haustor
morton
zapata
emiliano
revolucion
josef
socialburn
senser
zebra
beinum
lipatticoncertgebouworkesteduard
devo
lamb
lucas
544
whitney
summer
below
klemmer
ivory
tamba
titanes
warahuaco
altan
handsome
modeling
jair
rodrigues
superstar
rostock
macisaac
ferrick
shapeshifters
theater
doubledrive
meredith
hazel
yanzi
higgins
missy
massacre
jonestown
madlib
beatles
raye
whitmire
bitch
9mm
lewie
jona
horslips
novaspace
dexys
runners
dubtronic
science
jboogie
iglesias
duet
scruggs
flatt
nazareth
shadiya
hallucinogen
cetera
coasters
theme
motrhead
gigi
trogloditas
loquillo
nightswimmer
rivets
prestige
estopa
puente
cristina
echo
spliff
agression
nuit
fragments
christie
tilliander
snog
callier
desi
hurley
sanctus
byrnes
edd
janelle
monae
stormchaser
pulsedriver
piaf
edith
liv
frost
kuti
femi
evahflowin
breez
dutch
cambria
coheed
garza
setrise
anastasio
onova
miley
brummels
mudhoney
magicians
goldstein
groovehouse
rebirth
drexler
evil
conduct
gale
marta
sculpture
burke
himmelman
cherish
kwok
cadets
niels
painfully
casiotone
divine
frankenreiter
donavon
aurelius
harlem
reconceal
wolves
karan
tigertailz
karpatenhund
cece
alejandro
ntm
suprme
kealii
reichel
chorwiener
furtwngler
anton
sngerknabenwiener
hffgenotto
grmmermarga
dermotadietrich
edelmannwiener
philharmonikerwilhelm
singakademie
fischerdieskauelisabeth
piccioni
frizzell
schmitt
evermore
giant
mutants
euge
almond
gallo
horse
andriessen
stun
aliens
lambda
johnsons
hellraiser
engineer
centurions
hanna
alexandre
kan
zeno
wreckshop
strata
lindley
eino
grn
furtado
darkthrone
freberg
jordanaires
hector
souther
maclean
dhol
powerwolf
superstars
wonder
stuff
zawinul
skindred
krzysztof
goran
krawczyk
bregovic
ends
rodrigo
iii
cepero
solefald
crow
medicine
chevalier
jes
mikroboy
hifi
somethin
telekommander
mediengruppe
thirsty
merc
tevin
channel
alela
diane
styrofoam
hewerdine
boo
federation
westerberg
snooky
robkay
larralde
lenny
majagual
corraleros
toe
maddox
lotte
lenya
supuer
mira
khia
sielun
veljet
coombs
sands
wes
metal
offenbach
saturn
franky
hatchback
nelons
delorean
parlor
elton
bond
swearing
motorists
swordsmen
wemba
butterfly
mckenna
moderne
francois
dubois
magalona
mona
shorty
paulee
lund
alert
telepathe
mashtronic
oakey
charlotte
hatherley
weissberg
deliverance
moistboyz
faruk
omar
tekbilek
waiters
richi
latex
dude
33hz
devin
teki
delegate
zydeco
plemo
mu330
mcrae
diggers
spiros
kaloumenos
rogefeldt
pugh
stardeath
dwarfs
burnside
stretch
arm
slean
egberto
gismonti
betsch
henske
alpha
masi
friend
funeral
alabama
bobbi
humphrey
hellnation
assia
lys
lobos
gomez
sage
lucien
pernet
orchestre
choeurs
radiolyrique
hates
lose
boxers
tuna
carruseles
tv2
cameo
forced
idol
samantha
barrio
mazefrankie
victim
innocent
reverend
instigators
damnation
count
lehrer
manix
tear
jordana
camlia
takcs
slaughter
rupee
nalin
kraus
robocop
lesley
pyros
porno
article
scarlet
gripin
tielli
absolute
play
viva
lamerican
signal
undertones
ubiquity
pale
trivium
stompers
fever
soldier
dragonforce
innes
booty
luv
jey
sharam
loulou
kluster
vallee
rudy
corgan
rasta
lucier
ranch
spahn
giano
audition
theodis
ealey
guerrilla
insolence
addiction
dzierzek
parts
labor
cartel
kenobi
clooney
rosemary
whiskey
candlemass
oconnell
maura
divit
3oh
tennessee
ernie
messiaen
olivier
fait
moros
eros
catie
cmurder
bud
perry
kasms
bardyuzha
keller
arends
carolyn
coffin
gentlemen
powter
glinn
lillian
maps
goatsblood
naranjo
anis
desmond
dekker
aphasia
gerardo
wanda
zelmerlw
mns
oscillation
flava
redwalls
hardrive
kickin
roch
arto
kumanto
walden
narada
rubalcaba
lynden
airport
groundhogs
total
blodwyn
ira
jalbert
minus
buuren
dozier
lamont
dextro
voivod
tynisha
keli
image
ritmo
nok
handel
frideric
lucia
micarelli
frauenarzt
manny
mercy
mange
schmidt
soap
rosenstolz
chastain
direction
heavy
tippin
nightbreed
lions
doleful
lunch
supreme
markitos
dowe
brent
lace
brick
mcclean
glad
faithfull
busted
dreamquest
krause
rosenstock
souls
shortlist
rankin
leaders
pax217
are
claude
gray
laughinnose
xbxrx
pepper
spacehog
paycheck
destroid
mazi
colette
madina
kela
orquesta
broadway
hoey
richie
destroyer
versus
shark
zero
pantha
pietasters
bwitched
mortal
bunny
roadrunner
spoken
lithgow
huard
hamlisch
previn
andr
mcnair
nation
tokio
hotel
bangbros
christensen
galliano
buzzhorn
caputo
motels
squier
professor
lexi
syndicate
isaac
digital
tate
rc2
weakerthans
october
feargal
sharkey
evan
zandt
townes
copeland
hancock
deckard
dana
perquisite
stevie
vander
fernanda
porto
siberry
fluxy
henderson
tokens
cast
misrables
jacknife
wally
merauder
waterboys
mule
govt
hess
tonedeff
miquel
anderza
assailant
jeb
loy
nichols
wreck
maximo
perrone
royce
clements
vassar
caparezza
uniting
nations
peters
mauceri
bernadette
ramada
strangelove
hillstomp
reginald
extol
credo
logickal
caitlin
elektrochemie
devlin
trevi
sunlightsquare
kix
hammerfall
dion
bus
lott
pixie
gorgeous
stacey
comet
gain
ranks
kennedy
begg
jess
attic
dillinger
escape
beirut
zazie
presidents
cascades
words
waiting
nuova
compagnia
popolare
paiva
jobimroberto
antnio
brixx
main
nolans
spindles
schoenberg
dune
kato
souljaz
subnoize
hilo
skulls
ligeti
ivy
unwritten
ayiesha
dada
greco
sebastien
tellier
badfinger
against
stadio
jayz
guarabyra
think
shudder
again
angela
bofill
guimond
huggett
spice
maar
nanci
brujo
ojos
tristan
bartholomew
utah
lateef
yusef
10cc
youngbloods
skarhead
burt
bacharach
dear
immaterial
panics
bailey
bumble
please
operator
degiorgio
diao
mando
joplin
doobie
jeanlouis
beloved
sagittarius
ladyhawk
kj52
traileros
norte
pulp
bandy
sayer
kolev
over
cotton
josie
neeme
jablonsky
nestor
torres
sniper
gorguts
jozef
mihalik
diam
cornershop
ultraviolence
appleton
crabby
coastline
moss
parientes
vicente
playa
knuckles
stranglers
francisco
mclan
fnf
freunde
psalm
movies
armored
stephane
grapelli
legend
ferron
juggernauts
keren
blackouts
hail
social
marks
pedwalk
hecker
nazz
hinge
vuckovich
strangeloves
hitmen
donors
organ
soda
boychoir
stacccato
matters
celeste
carballo
ingmann
jorgen
doom
aud
color
badd
price
bollock
shinehead
swan
through
bleeding
panjabi
road
danvers
triggering
myth
sander
doorn
roe
shakespears
warning
fates
basement
jaxx
covette
peterlicht
amanda
100
moments
clear
annagrace
carlton
btribe
frankmusik
robyn
christian
feelgood
osbourne
ant
ziggy
parade
shania
reel
bachata
gringo
revenge
mollies
geri
shust
chedid
discodyne
lindo
kashief
oxmo
puccino
gambafreaks
tzuke
judie
anberlin
afroditee
solaris
evanescence
fonzerelli
llorenna
sidney
wizard
samson
sleeve
parte
ade
just
exploited
slowpho
hives
stonebridge
cantrell
phantom
bohren
velasquez
anouk
musical
alacranes
sandra
china
salazar
akcent
atb
summercamp
carpenters
shaman
signum
harp
everette
gustavo
cerati
knowles
budapest
jullien
ashkenazy
kissinphilharmonia
orchestravladimir
sev
statik
vincius
moraes
solarity
isaacs
tasby
finis
melvins
things
diffie
divide
derulo
baxter
reuben
lapsed
lagora
solomonissay
dobrovenphilharmonia
tiga
piet
dubeau
angle
funabashi
angelina
narvel
felts
lowe
chayito
valdez
tillotson
energy
micrograms
1200
allunion
shpiller
gagarina
krassovsky
implant
basic
coward
smaak
kraak
ablaze
tobymac
thriller
dimentia
davinche
knives
vendetta
harbour
omarion
hijackers
orgy
miroir
brendel
jrgensen
friends
darude
butcher
kuijken
kwartet
game
barretto
stephanie
alesha
akala
monday
conniff
delerium
mama
donny
coverage
barricada
ezgirl
dictators
legacy
zox
theodor
hil
mcguinness
tider
gyllene
streetlife
shangrilas
exhorder
xspress
bash
camouflage
boom
toyland
ingman
ewigkeit
organismen
terrorgruppe
vicious
astrix
may
format
gallants
rover
ruck
italoboyz
fadl
shaker
berglund
wells
train
sparrer
spit
mass
laidback
diplo
alphaville
busta
wailers
marley
alexisonfire
arch
aggression
fragma
brennan
maire
danielle
bollinger
vee
howell
teran
alegres
colores
notas
blane
ambulance
crispy
enola
haggard
lauren
mrs
row
skid
perfect
chong
cheech
fabulous
assembly
front
pooley
mazz
witnesses
butera
vamp
rebekka
mariana
address
lonely
klinghoffer
frusciantejosh
thunders
press
gino
vannelli
melle
grandmaster
flash
laws
stavesacre
limits
lack
sensational
nightingales
jape
nine
inch
bug
lyres
work
ferchit
siempre
else
someone
masri
jernigan
rapsoul
groovenatics
baggi
begovic
beatnuts
chiang
mei
chi
wolfsheim
gospel
hemstock
fyfe
dangerfield
vendi
ludovic
bliss
vicarious
mosaques
vianello
edoardo
horton
dolcevita
mattea
hoople
mott
tish
hinojosa
skeets
sinai
bass10
jessie
truffaz
steel
armor
clown
insane
posse
danni
winehouse
fame
nonpoint
gillian
welch
stakka
weezer
lovers
jeanluc
ponty
fredriksson
giddings
andersonandrew
mastodon
dellarte
bottega
chiffons
margie
commercial
apollonia
jara
yared
gabriel
astrud
sergei
rachmaninoff
squarepusher
crowns
casting
trevino
furs
psychedelic
hue
cry
disneyland
bianco
laporta
falkner
cats
yolanda
adagio
dolls
york
brooklyn
essentials
goldfinger
baron
babees
corner
maverick
kurd
racebannon
ravan
genya
kurt
masur
kaskade
wham
ama
shola
ultraje
rigor
elgins
landing
jetplane
harling
everything
jase
outta
rare
transmission
motorcycle
fatal
gabin
temposhark
holder
fabienne
bristols
delsol
kuldeep
manak
mackerras
scottish
chasers
cinnamon
twisted
hunt
neo
cortex
reik
lads
sylvian
maggotron
beng
deciding
tab
cashman
aggrovators
tubby
reality
lazard
atereth
niyaz
haugen
marques
athlete
charge
gui
boratto
bullys
sven
waldeck
goldsmith
pastels
parr
pleasure
deerhoof
cheri
talla
2xlc
verge
chesnutt
diab
zagar
divas
roney
showoff
kompulsor
jarrett
riley
tarrus
telles
aswad
froese
riperton
minnie
fickle
public
goebbels
heiner
mommy
barbizet
ferras
madvillain
screaming
dirtbombs
farmers
cause
alarm
matia
bazar
combustible
lyman
gregg
karukas
dmz
bulljay
blast
stendal
oscher
theft
ring
johannes
heil
angelspit
wreckin
yard
babyshambles
glamour
conflict
afi
eliot
gardiner
skitz
abandon
howie
now
overhead
chava
mahalia
san
shihad
wheeler
caron
ochoa
eliades
kweller
bachmanturner
burdon
annakiya
xelerator
maximus
clp
limeliters
jkwon
bram
vermeulen
benny
biz
rodriguez
peppino
deborah
coleman
haunted
kurupt
cypress
syms
hole
sahotas
valentine
lubre
luar
tah
geggy
bigod
shanice
dynamo
mink
feidman
giora
vivid
roberto
sleeping
sworn
planetshakers
troubleshooter
seville
fromwood
blooded
gate
gramatik
crossover
odd
nosdam
valentinos
rickie
greenslade
metcalf
epos
ratas
gill
chocolate
drops
christmas
solid
220
nectarine
rundgren
bunton
sbastian
joachim
guetta
ingrosso
angello
garraud
cimarons
section
kafani
traveler
mysterio
jarre
hudson
falcons
blunt
byrds
picards
fatals
alfio
antico
ezra
special
sippie
amorphis
dottie
mckenzie
bolcom
monkey
poems
nerve
tigran
oganezov
mccurdy
bandits
bmx
mcknight
revolting
cocks
ants
starlight
stella
current
million
spektr
callicott
vitalic
hombres
savy
fav
boozoo
chavis
ono
nibbs
doctors
combichrist
samajona
nailbomb
whiteliners
yuill
bruno
celesty
fairchild
darell
artista
cedido
adoniran
part
especial
barbosa
gentilmente
elis
pela
deruyter
yves
fortunes
oxymoron
topper
virtanen
veltto
francey
lundy
filterfunk
tin
blueman
discotronic
cky
horizon
bring
2000
strangeways
sovereign
murs
haitink
cochrane
jolie
laurel
ramblin
chuckii
stigers
zum
manowar
wombats
zimmer
hans
artie
alfano
mewithoutyou
honesty
column
durutti
saiko
jansons
orchestramariss
mare
abuse
verbal
gojira
susannah
mccorkle
claustrofobia
candee
cerrone
teen
graaf
delegation
longwave
mariajoao
manchild
tucker
fogerty
wagner
cardigans
paradise
cham
negra
mano
coolio
existors
akustikrausch
grusin
blasters
experience
halo
suicides
horno
bamboos
hackett
marauders
masked
devil
pina
miss
dom
autechre
candy
zeta
joby
aisha
blackness
b52
thievery
corporation
chopin
frederic
adele
starkillers
tomlin
casal
tino
other
shep
limelites
pimpz
kic
lynn
animals
finkers
beggar
adolf
piss
artists
across
aim
what
boddy
hoods
giuseppe
verdi
lolene
hammill
hydrogyn
emperor
service
gildo
paio
committee
moth
mantronix
mcferrin
vargas
chavela
esthero
remote
day26
tone
heads
born
ball
rod
brewer
wind
springfield
edvard
antonsen
marshallole
pilgrim
youngblood
mikaela
walkmen
herbert
einaudi
ludovico
circus
box
doo
dah
rico
dianne
paillard
jeanfranois
gaye
estatuas
delirious
atom
juanes
right
said
shaun
escoffery
puff
lloyd
portugal
housecat
live
native
inaya
liam
lambert
chick
jennings
skyclad
gemini
midfield
suppressor
monsters
ryders
lie
flores
dawn
construction
tigers
1000
strings
albert
cummins
identity
gibonni
annie
chip
harley
cockney
lux
meade
broken
backstreet
panpipes
juana
patty
ellis
adham
shaikh
ferrer
daniele
valens
ritchie
kay
ursula
japan
run
hanoi
tex
domino
fields
millie
mar
tuckwellacademy
morente
enrique
shelby
fabian
oldfield
international
shall
edwin
tao
flag
per
wippenberg
skin
hard
armin
destruction
jessica
jan
bebe
sly
noonan
invasion
vinnie
leana
banana
slug
vast
soundz
will
eppu
normaali
troop
beausoleil
within
temptation
mayer
fabolous
jelly
streets
pony
cursive
kiss
jude
lara
loco
slickers
cowboy
grape
melissa
elliot
easton
wilt
julio
jonas
victor
lightning
smooth
cute
baldry
killer
koglin
debarge
razorlight
underwater
lives
lick
beau
milt
finger
nielsen
beth
grupo
safri
piero
lefty
cheap
klaxons
payne
gieco
sunics
antony
clutch
videodrone
mcgriff
fiasco
lupe
records
pepe
dancers
markeys
foundation
santos
show
eat
mills
technologic
viola
paulinho
dee
winchester
katherine
avenue
luther
longpigs
brave
avenged
sevenfold
kweli
talib
oil
bukka
lone
kristofer
strm
truck
hidden
woody
mcbride
mandisa
modal
rounders
woodentops
maccoll
cabaret
strong
cock
bertrand
luigi
sloane
dominic
kirwan
bosch
rhonda
sonora
billie
chicos
opeth
denis
winger
grayson
capps
2017
infinito
pacific
steven
any
leo
septet
thelonious
zen
kool
jhelisa
korn
action
adelaide
ferreira
crazy
ark
truth
southern
far
envelopes
gala
reyes
looks
saturday
sbastien
sugar
solvent
warmsley
hunger
rainbow
flesh
ruffin
majesty
eleventh
wave
marianne
dropline
kooks
telecast
comets
yoyo
einheit
houses
bobo
worm
monotones
nelly
fine
jeffrey
connection
westside
left
oasis
garner
commander
today
melody
parker
sia
gladiators
dust
blaze
lazer
danilo
evans
most
obrien
fish
bisbal
holland
mase
mademoiselle
bear
suicide
breed
tweet
piano
drop
horsepower
klein
santa
rosa
base
pocket
dyce
creation
malevolent
rhymes
glow
clifford
vital
maguey
law
janice
delgadillo
doe
screamin
matthew
balo
pho
chico
moe
miki
marracash
hawkwind
savage
captain
chandler
rentals
rave
trapt
tam
shannon
mayday
marty
jamiroquai
drama
twain
brownie
family
ferrante
teicher
gore
men
demise
jaci
kathy
winther
brenda
sunrider
hugo
lindisfarne
therion
ndubz
montero
orrico
stacie
rene
folk
jacobs
jolly
acid
lords
lightnin
rains
alfred
stewart
shane
fenton
fentones
double
lady
atjazz
nasty
38th
parallel
galvan
huang
doctor
bluebells
uhuru
kinky
babes
talking
presley
home
tavares
funky
pablo
gits
trout
delacroix
joris
aerosmith
quad
huey
news
tonight
lemonheads
ballistic
melanie
mcgee
arrested
development
cocktail
sucesso
paralamas
morrison
genuine
childs
jam
flotsam
jetsam
uton
amy
crew
static
vanilla
fudge
modern
leroy
hutson
colour
habichuela
svinkels
everclear
single
file
lovin
spoonful
hawkshaw
gracie
challengers
roky
erickson
anne
karma
secret
cash
lymon
teenagers
simmons
candlebox
gelfer
kingsley
perrey
overdrive
bryson
peabo
lower
peel
nathrakh
anaal
dagostino
temptations
matthews
teeth
muse
society
pussy
lyn
devoe
biv
byron
carolina
jug
fatboy
julie
half
marv
lena
rakim
odemira
low
ward
cheatham
futura
jenkins
sokol
plastic
rodney
crowell
bruce
gangsters
muddy
luca
brasil
jacksons
weldon
felice
smokey
miracles
boosie
juilliard
dinu
mischa
borodin
songz
sanity
julee
cruise
heavyweight
dub
gramm
britny
rockets
bottle
tumes
judas
priest
joel
sonnier
blank
paramounts
cline
patsy
hubbard
gregory
hart
deville
willy
charmaine
mayfield
nordeman
nichole
zapp
fun
ghoti
frog
brains
lion
reeves
offspring
meters
brand
jamie
norwood
chapin
whitfield
depeche
moravec
patrol
recoil
sons
pedro
waits
eugene
regenerator
sunset
lucero
fagen
emma
hewitt
gavrilov
center
roberts
orchestradaniel
ash
katrina
hatebreed
taproot
barlowgirl
pops
wilkinsons
earshot
republic
decemberists
shadow
gallery
barrett
wedding
velvet
camille
saintsa
major
comeback
stetsasonic
lauder
son
haslam
impressions
hsiao
mccrae
shankar
dwarves
wyte
dread
mikey
bruford
loca
phish
branch
horne
tee
quebec
carnivore
wideboys
fitzroy
edi
slum
village
dick
chad
rockers
bombay
fiona
cosby
dakis
hullaballoos
gunne
armando
lacey
tiff
satyricon
flint
martininthefields
marrineracademy
rex
atari
modest
mussorgsky
hunter
starship
hushabye
pond
tori
clarkson
wreckers
morris
creosote
plant
tantric
mays
lyle
hadise
blanc
courteeners
swimmers
kallen
katie
pentangle
letters
tritt
bush
victoria
wyk
foxx
grammatrain
rebecca
dark
huntingtons
rifkin
saints
benassi
butler
fras
roll
elvis
cooke
houston
husker
incubus
sequenza
sapp
canto
thornley
mouth
chelsea
training
confidence
strict
leadbelly
janis
siegel
derek
pmd
amr
robin
silverstein
marrinerjohn
constable
gavrilovacademy
kranz
unkle
yamagata
carson
junkie
pousseur
henri
idiot
pilot
bloodsimple
woods
still
thompson
pseudo
powell
rob
carosone
dino
depth
sleep
volt
perkins
satellite
smifnwessun
krisiun
rufus
steiner
harvey
steadlur
amel
larrieux
acosta
alone
vogues
500
voices
holmes
casey
tegan
eddy
page
3rd
reki
nwa
everett
len
valija
diplomtica
hootie
blowfish
shalamar
zellar
selena
eternal
dolby
rollins
killa
inches
tams
cheryl
living
sill
judee
dement
iris
affair
bailie
steely
elgar
jos
skip
bruel
jacques
hughley
classix
nouveaux
last
papa
bops
ditty
third
marillion
makeba
miriam
moroder
giorgio
lage
klaus
delroy
rampue
chipmunks
gregor
salto
yanou
diamonds
keaggy
lovano
solange
michel
101
envy
lila
cannonball
adderley
weiss
miles
flight
conchords
refreshments
creedence
clearwater
revival
menace
menzel
idina
artifacts
yarbrough
trouble
meatmen
shehori
mordecai
taste
honey
ridge
luke
tayle
moulin
braxton
owens
buck
colossus
television
mcdaniels
radiohead
evgeny
nails
baka
alias
brownsville
monica
aces
rice
johnathan
julian
rainer
151
marsh
warne
frisell
hayes
braith
falk
roses
naked
burning
plushgun
foot
fusebox
moses
these
nights
like
mario
haley
even
pendergrass
teddy
batz
guana
united
alexander
pletnev
mikhail
duffy
elephant
ventures
whitecross
rodgers
babe
mad
m2m
lampa
christy
beechamroyal
conant
florence
judith
raskin
kopleff
bartz
cho
beat
wanted
holliday
devildriver
rosetta
tharpe
808
confession
non
fools
figures
isley
burton
lights
stripes
states
ayo
topmodelz
gold
xiv
first
mraz
buddy
marduk
convertino
kart
stellar
circle
dunn
thee
kinbara
chieko
tlphone
kapisi
armstrong
snap
regina
matic
integrity
bates
janacek
leos
ghost
mariajoo
hurt
alien
beck
spagna
poetic
dallas
changing
mind
deadman
unique
women
rumors
gallows
eisley
spears
britney
crimea
mile
denver
fruteland
cooder
greeley
estates
seay
curved
tapper
zukie
cook
dane
kills
hopkins
recluse
deftones
wien
altenberg
nancy
emmylou
tchicai
djs
presents
pohlmann
benson
saunders
dido
carly
howlin
marcie
saigon
luis
line
diana
grover
cincotti
barnes
liebing
delta
meshell
ndegeocello
edison
buckley
guard
better
thousand
arise
ruin
benoit
faker
playboys
donaldson
wallace
jimi
kate
borgir
dimmu
banhart
devendra
golden
tommie
waters
hardy
barone
gai
mercyful
sally
glen
erasure
joo
general
reed
ellington
dusty
vision
jamal
ahmad
inc
hool
audience
hawkins
riders
confusion
eagles
national
fugs
solar
balanchine
nutcracker
dorothy
mccoy
neal
schultz
cuba
costa
endellion
electronic
waves
todd
fuga
boston
glassjaw
terra
phreaks
deva
august
hamilton
orioles
switchfoot
supply
ustad
ananda
schoolyard
thursday
child
dean
danel
luciana
natalie
skillet
scouting
shaznay
light
kane
delain
everly
fats
chorus
tea
efecto
mariposa
moby
caliban
tne
stonehill
method
brandy
cobra
amos
frankenbok
throne
birth
firstman
cilmi
gabriella
children
inspirations
airplane
reo
speedwagon
kitty
arbeid
adelt
kracker
emerson
dirty
fears
tears
utopia
spoon
click
aiden
holiday
moloko
slatkinconcert
symphonic
monk
fountains
grey
hiphop
doris
filter
richman
krippayne
remember
renato
korngold
erich
bach
kristine
throwdown
team
gnter
wand
police
model
pearson
trance
hannah
dtune
campbell
bernard
lisa
thin
two
ross
raitt
story
kos
kirsty
gavin
skids
jessy
lorenz
bjrck
bbc
wettergren
konetzi
bhm
gertrud
hilde
sammy
subs
babbie
highway
patti
elmer
bernstein
cliburn
tribal
motograter
axe
foetus
beyond
porcupine
lang
good
full
pharcyde
fitzgerald
judd
cledus
sekte
philly
foo
june
theory
rupaul
numan
miranda
pretty
arion
jordan
rohrbeck
voodoo
elakelaiset
wire
tennison
chalee
lettermen
cray
ashton
cohn
bracket
cake
diddy
hiroshima
labelle
rio
anointed
free
wolf
hendrix
hubert
mal
eli
justice
wall
shapiro
guitar
dance
trey
ochs
champion
guerra
bragg
leela
fox
durante
arthur
philip
percy
teigen
jahn
flames
hook
forestry
mars
built
lucky
cold
didg
ritenour
extremoduro
ivan
herbie
rihanna
snow
pistols
rahman
nat
donald
franks
cappella
edward
movement
justin
douglas
kweskin
heartbreakers
wizzard
sara
harold
cool
dreamers
spitalfield
motor
dakoda
syd
walk
spineshank
happy
mondays
ambuscade
undeclinable
six
urban
horace
prine
bela
flecktones
fleck
sahm
attell
anthony
francesco
guccini
ween
axel
rudi
pell
crystal
school
buzzcocks
smallwood
bang
matchbook
oar
burn
yes
guenta
bobina
damerini
massimiliano
baez
crisis
cleo
ivanova
8ball
mjg
direct
french
bros
asylum
arlo
dutoit
rhinoceros
neon
megadeth
claudio
abbado
molella
millencolin
synth
experimental
stan
transplants
area
bedingfield
jade
diary
guadalcanal
morphine
remains
nero
ferguson
pig
warner
needtobreathe
party
scars
before
swine
jorge
palmer
wasp
edwards
franz
ferdinand
holly
brandt
slave
carla
grooves
winter
preisner
zbigniew
machines
rewiring
rebellion
boxer
tiny
okeefe
jose
youngsta
saxon
jobim
craig
gilmour
belcea
vicky
beeching
mountain
holy
original
andre
mercury
axelrod
mekanik
hillage
eder
inner
queensryche
pitch
tech
sasha
zoegirl
attack
deeelite
paramore
franklin
aretha
vanessa
time
alan
sylvia
rida
rilo
kiley
underground
bootsy
arnold
short
anita
dakota
pulse
ultra
hlio
ziskind
roland
rahsaan
fate
warzone
russill
norman
violent
femmes
pimps
brookstein
pires
mississippi
mcghee
straight
chaser
marco
esther
calvert
baylor
kick
freezepop
lyte
adams
change
central
haddaway
gilberto
gram
dupree
dumptruck
ely
rushen
fiend
makem
sol
marketts
mighty
patrick
erik
rocks
rousers
downhere
noize
norful
smokie
jean
carol
players
branca
tossers
furry
less
distance
stooges
francis
naughty
nature
smithereens
silver
liquid
amjad
discover
gwen
quatuor
card
hansson
mafia
cult
lizzy
fighters
allstars
barry
bright
roth
yancey
sanctity
age
varsity
uncle
lili
sinatra
dad
batt
philharmonia
annihilator
walsh
forest
chet
force
redman
sam
ryder
eye
duran
neikka
rpm
orleans
natasha
arts
pennsylvanians
waring
jewel
year
lau
claire
willis
beats
avalon
scene
wolfgang
god
pearls
duo
sheila
east
bury
wild
swans
type
friday
mose
tony
daryl
oscar
strauss
banda
sheard
karen
shinedown
7000
plies
frameshift
cilla
lightman
bass
cobham
chuck
aaron
arcadi
volodos
wintersleep
muldaur
sisters
raze
rogers
guns
superdrag
flo
danger
ruth
prunes
berlin
squad
latin
edmundo
ros
foreigner
decay
crime
zodiacs
kansas
walter
terror
robinson
pestilence
nino
gaither
christopher
parsons
sahnas
paxton
fire
michelle
patrice
dzem
glass
seal
ruusua
nelj
spill
behind
rance
knight
cibo
matto
seven
feinstein
denny
christoper
titus
joseph
labi
siffre
andrei
incredible
barenboim
sevendust
spear
destiny
budd
england
goldsboro
ministry
bride
wayman
girl
mccallum
cherry
southerhillmanfuray
deodato
khan
saint
cutting
mobley
mest
girls
jennifer
jack
solomon
newton
aha
dillon
bethany
browne
philadelphia
hammond
tales
veggie
dirt
antonio
ocean
redbone
paula
joshua
electro
trini
detroit
wheels
this
rem
myles
alannah
rachael
leslie
lori
order
agent
filth
cradle
pendulum
lost
drake
ambrosia
william
alex
coltrane
ella
people
calderon
tego
down
dixon
allison
baker
jesus
prima
keely
american
deshannon
deicide
darwin
mates
starr
russell
carmen
toby
mccann
rorem
tankian
serj
brother
garrett
lily
tiger
point
daniel
cali
mullen
high
die
crenshaw
henry
turrentine
boogie
weave
enemy
amber
sounds
mom
say
hawthorne
daniels
muffs
ann
alvin
drells
crimson
clancy
simone
marvin
move
misfits
quartett
berg
world
concrete
jefferson
hour
darkest
kings
joc
yung
scalplock
jon
camp
jake
osborne
geoff
slam
suffocation
ricky
marshall
sarah
johnston
freedy
greg
pussycat
faster
heaven
saafir
small
judy
mel
robbie
rose
lake
reid
ashley
fat
mxpx
paschal
midnight
years
drives
real
studio
noel
jeremy
bayside
sick
leif
ove
andsnes
juan
jesse
madball
veronicas
atlantic
dying
irma
moon
catch
sherman
howard
pretenders
choir
between
mandingo
gloria
mingus
shepherd
archie
heat
ringworm
ali
manuel
chemical
plus
hood
town
chimaira
taff
felix
sex
vogue
hilton
rebel
room
syntek
aleks
mary
petty
cabrera
talbot
adolphson
olle
side
deluxe
relient
drag
nickelback
academy
blind
tunes
sweet
butterfield
ramones
proffit
groban
guthrie
seeger
murphey
space
tree63
dream
sun
rascals
ten
after
tosh
sebastian
tomorrow
bizarre
harpers
oliver
choice
ruben
lowry
danny
griffith
perahia
laid
queen
geils
hobbs
mclean
ned
rogan
shondells
station
nicole
explosion
alanis
morissette
code
ethics
barbara
crazyfists
heights
missile
edge
raymond
lefvre
wilco
mcdonald
cindy
bread
singers
lawrence
hermits
walker
talk
russ
mode
georgia
allan
than
negative
super
hutcherson
bonnie
zevon
gang
gail
doug
pennywise
dennis
martininthefieldssir
baby
twista
roy
orange
great
frank
stern
redding
jerry
ayers
vincenzo
disturbed
janet
susan
gufi
jonathan
silk
cactus
max
washington
chic
blades
corrs
branigan
booker
maurice
culbertson
state
tornados
montgomery
stanley
frusciante
schizoid
jazz
tienne
daho
cooper
whalum
marie
ian
roches
romero
debbie
cher
ensemble
blondie
clarke
mick
lively
lennon
fuller
bennett
satellites
can
ortega
london
newhart
sky
warren
quintet
air
davies
webb
gene
vincent
queens
tina
church
clay
average
take
edmunds
mob
plan
talent
otis
phelps
lopez
taking
kids
art
peggy
gibson
broughton
grave
ronstadt
dogs
donovan
radio
clapton
disco
groove
human
barren
fanny
peacock
kim
atreyu
pacemakers
junior
overkill
jane
alban
lane
cristy
tower
blingtones
kavana
newsboys
ryan
buckingham
lindsey
company
moore
cassidy
league
sledge
ike
rock
geissman
dropkick
murphys
newman
clarence
stevens
bellini
sunday
old
laurie
tree
duncan
sheik
cars
murray
panic
eva
warwick
dionne
bloodstone
ufo
bridge
eden
english
angel
brujeria
harry
gerry
end
ones
carlene
planet
hedberg
boyz
salvador
power
purple
nelson
stereo
long
coley
ford
tunnel
connie
tyler
isaak
frankenstein
wednesday
transfer
andreas
sweat
massive
matt
kevin
alive
slim
ultravox
pete
division
coast
diamond
edgar
chicago
darin
klugh
maria
schenker
shelton
blood
reynolds
clayton
night
fourplay
eyes
bonzo
shadows
might
they
lan
five
club
grace
fernando
tisdale
from
manfred
del
jason
buried
seekers
carl
bette
midler
alice
graham
cano
royal
rush
pet
shop
kraftwerk
stephen
agony
future
bird
allen
herman
star
giants
milkmen
faces
jim
glenn
pantera
magic
tim
manhattan
laura
biohazard
leon
terry
linkin
sean
helen
your
clark
man
ill
lou
phil
morgan
bubl
earth
routers
nunes
jay
maniacs
10000
notorious
rouse
margaret
winans
collective
maiden
death
rebels
joan
america
adrenaline
metheny
rogg
marriner
levellers
sonny
out
religion
fall
engage
killswitch
phillips
carlos
orchestrasir
flamin
groovies
blake
les
miller
kid
sylvan
maze
rich
coal
watson
nina
romance
caesar
ray
fred
betty
park
meece
stars
foxworthy
mack
kramer
dakotas
jump5
anderson
jackie
earl
boy
smith
heart
hope
dog
clara
cave
trick
byrne
becker
bowie
project
blackfoot
texas
sister
lionel
lil
hank
pilots
temple
pod
braun
lonnie
pop
snapcase
kirk
testament
staticx
don
west
mitch
roger
engvall
cable
iron
twila
electric
turner
collins
carman
joanie
sommers
dwight
yoakam
rivers
beecham
madonna
string
sanborn
cross
valli
seasons
bell
taylor
seeds
mann
deep
rats
parks
dyke
cccp
alla
fedeli
his
generation
gym
class
symphony
fear
crawford
firefall
beverly
spinners
linea
eno
railroad
brooke
jonatha
scott
albright
audio
hall
keith
103rd
mason
johnson
rick
louis
association
sound
freddie
puppets
joy
guy
havana
watts
rhythm
robert
philharmonic
roxy
factory
mendes
meat
tommy
blues
minds
river
pat
street
marc
pickett
trio
eddie
eric
chestnut
duke
soulfly
wright
chili
peppers
daddy
rancid
ron
brown
arkansas
beach
jeff
back
davis
linda
templars
simon
darren
kenny
sergio
three
floyd
chamber
nick
dan
empire
productions
andrew
mehldau
brad
shirley
cole
curtis
war
kelly
neville
grant
penguin
andy
ace
charles
willie
jaheim
pink
cyrus
city
joni
heroes
karaoke
paris
all
top
cliff
little
one
chapman
blutharsch
funk
oak
caf
quartet
genesis
harris
mark
dave
beastie
grand
grateful
sir
slipknot
jones
gary
carter
boney
nash
mitchell
simple
josh
martin
johnny
williams
halen
stone
obituary
faith
new
hot
der
larry
petra
love
group
head
brass
jackson
lewis
crosby
blue
wilson
gees
hollies
jimmy
los
young
machine
zeppelin
led
stills
tracy
neil
ferry
prince
brothers
levert
sepultura
tom
four
brian
soul
xtc
richard
chris
bryan
bee
mike
wayne
hill
sandie
bill
music
harrison
ben
kult
thrill
travis
gordon
red
degarmo
key
sandler
frankie
gerald
charlie
lee
shaw
bad
whitesnake
for
thomas
doors
kill
with
featuring
day
randy
bobby
adam
steve
white
billy
life
green
peter
big
joe
bob
dead
van
paul
george
feat
boys
black
orchestra
king
michael
james
john
david
band
and
the
